isin,ticker,gvkeyiid,ls_weight,country,figi,bbg_ticker,exch,mtd_local,mtd_usd,contrib_local,contrib_usd,missing_px
            ,688411 CH Equity,36563501W,0.0008089510258776,CHN,,,,-0.12219222462203017,-0.12046449545601479,-9.884752546225744e-05,-9.744987718097065e-05,False
CNE100000L55,002353 CH Equity,29381201W,0.0009864370943441,CHN,,,,-0.07768309534776585,-0.07586514971443659,-7.662948685450582e-05,-7.483619784628895e-05,False
CNE1000010R3,002558 CH Equity,29685501W,0.0007604276492861,CHN,,,,-0.09508196721311468,-0.09330014123775188,-7.230295681736683e-05,-7.094800707948478e-05,False
CNE100000LV8,300058 CH Equity,29404601W,0.0008555272613782,CHN,,,,-0.08297872340425527,-0.08117381317728245,-7.099055998670166e-05,-6.94464100831861e-05,False
CNE0000012M2,000977 CH Equity,27213901W,0.000400431304473,CHN,,,,-0.16471002582765903,-0.16306568536968236,-6.595505050195102e-05,-6.52966051073657e-05,False
CNE100000V46,300124 CH Equity,29534601W,0.0003816800394125,CHN,,,,-0.16857927913366733,-0.1669428775600189,-6.434334590386897e-05,-6.371876408674417e-05,False
CNE1000030S9,603986 CH Equity,32212201W,0.0007605407682026,CHN,,,,-0.08093596059113306,-0.07912685485501914,-6.15550976431957e-05,-6.017919897689188e-05,False
CNE000000TY6,600104 CH Equity,24380401W,-0.0006258766931217,CHN,,,,0.08653846153846168,0.08868070810182194,-5.416240613553182e-05,-5.550318833045907e-05,False
CNE100003JT0,300757 CH Equity,33165201W,-0.0007065948592816,CHN,,,,0.07587538394032478,0.0779931957706601,-5.361315623825116e-05,-5.510959119049186e-05,False
CNE100002YB9,603179 CH Equity,32373801W,0.0007795290532767,CHN,,,,-0.07173528668855778,-0.06990751976809506,-5.591974011886411e-05,-5.449494270174534e-05,False
CNE100000QD5,002436 CH Equity,29484201W,-0.0002816862609427,CHN,,,,0.18855873368508735,0.19089726772489524,-5.3114404659842595e-05,-5.377313756960331e-05,False
CNE1000023J3,601689 CH Equity,31939401W,0.0004952740714083,CHN,,,,-0.10463378176382654,-0.1028713351450159,-5.1822399101017906e-05,-5.094950498847977e-05,False
CNE100001WV3,002738 CH Equity,31888101W,0.0002864097917458,CHN,,,,-0.17927326659251008,-0.17765772184948692,-5.13456189503501e-05,-5.088291111694481e-05,False
CNE100000HP8,002311 CH Equity,29316801W,0.0006094310153038,CHN,,,,-0.08479342418343061,-0.08299080851360696,-5.167574259119391e-05,-5.057717269333074e-05,False
CNE100000619,601168 CH Equity,28541101W,0.0006244721266299,CHN,,,,-0.0814720812182741,-0.07966349408829443,-5.0877043819339556e-05,-4.974763156808569e-05,False
CNE1000019R4,601100 CH Equity,30319201W,0.0004978471933568,CHN,,,,-0.09658536585365862,-0.09480694260622402,-4.808475330958365e-05,-4.719937028724785e-05,False
CNE1000018M7,300274 CH Equity,30639201W,0.000610736085895,CHN,,,,-0.06907103825136607,-0.06723827609528488,-4.218417555034314e-05,-4.106484156476163e-05,False
CNE100002TP9,603605 CH Equity,32595101W,0.0006394958210373,CHN,,,,-0.06414719045251116,-0.06230488653765831,-4.102186022566468e-05,-3.984371457103562e-05,False
CNE100002BZ6,002821 CH Equity,32287801W,-0.0002888365930389,CHN,,,,0.1292079207920791,0.13143064088533785,-3.731997563522417e-05,-3.796197853424014e-05,False
CNE0000012K6,000301 CH Equity,32958001W,0.0005854600856521,CHN,,,,-0.06643835616438354,-0.06460089834689464,-3.889700569058471e-05,-3.7821247479375544e-05,False
CNE000001N70,002056 CH Equity,27823101W,0.0005268371590947,CHN,,,,-0.07169811320754715,-0.06987011669846666,-3.7773230274714335e-05,-3.6810173787035335e-05,False
CNE0000001J1,000703 CH Equity,27193201W,0.0003516422716195,CHN,,,,-0.1045081967213114,-0.10274653971794534,-3.6749499697939524e-05,-3.613002662746148e-05,False
CNE000001527,000157 CH Equity,25989601W,0.0005100736228839,CHN,,,,-0.07025411061285514,-0.0684176166323508,-3.583476872278527e-05,-3.489802158474495e-05,False
CNE100003RC9,688200 CH Equity,33702601W,0.0004124466292385,CHN,,,,-0.08604322359119365,-0.08424412981791085,-3.548823753900241e-05,-3.474620737652794e-05,False
CNE000000SH3,000783 CH Equity,25137601W,0.000382838737462,CHN,,,,-0.0897297297297297,-0.08793811063087931,-3.43520164425362e-05,-3.366611524871951e-05,False
CNE100001TW7,603019 CH Equity,31862501W,0.000596523268488,CHN,,,,-0.05630452022204602,-0.0544470646982792,-3.3586956433503583e-05,-3.247894099339511e-05,False
CNE100000BN6,002240 CH Equity,28883501W,0.0001890907736066,CHN,,,,-0.17320662170447576,-0.17157870452382606,-3.275177409188503e-05,-3.244394997282851e-05,False
CNE100005428,688183 CH Equity,34709601W,0.0009235235701051,CHN,,,,-0.03631284916201116,-0.034415575952056354,-3.353577209878854e-05,-3.1783595570466314e-05,False
CNE1000006C3,002156 CH Equity,28580401W,0.0003888414780672,CHN,,,,-0.0828686493184635,-0.08106333176871228,-3.2222768086423813e-05,-3.152078574199789e-05,False
CNE100005QT0,688213 CH Equity,35343101W,0.0004519439676195,CHN,,,,-0.07009063444108754,-0.06826041797063986,-3.167703942227308e-05,-3.08498841290164e-05,False
CNE1000028B9,601127 CH Equity,32180201W,0.0003660916815704,CHN,,,,-0.08225806451612905,-0.08045159533611579,-3.0113993161436132e-05,-2.9452659821619978e-05,False
CNE100000650,002152 CH Equity,28574301W,0.0005871736123278,CHN,,,,-0.05144032921810704,-0.049571408820683116,-3.0204403926327184e-05,-2.9107023185418674e-05,False
CNE100002FY0,603298 CH Equity,32317601W,0.0003086993942893,CHN,,,,-0.09569561875480392,-0.09391397760608189,-2.954117954574775e-05,-2.8991188002296362e-05,False
CNE000001Q02,601991 CH Equity,21350202W,0.0006763814133683,CHN,,,,-0.04442948502187816,-0.04256618453639727,-3.0051277874323663e-05,-2.8790976058424257e-05,False
CNE000001F70,600031 CH Equity,26012701W,0.0002934570848744,CHN,,,,-0.09145427286356833,-0.08966330090697539,-2.6837904313850708e-05,-2.6312330904377143e-05,False
CNE100001T23,603606 CH Equity,31851701W,-0.0003787075801943,CHN,,,,0.06591782441619887,0.0680142129922956,-2.4963579776331417e-05,-2.5757498021131984e-05,False
CNE1000036B2,601869 CH Equity,31877303W,-0.0002426659794339,CHN,,,,0.10136894665169516,0.10353687043921278,-2.4598794723416365e-05,-2.512487607265238e-05,False
CNE1000031P3,601138 CH Equity,32738601W,0.0006797717976406,CHN,,,,-0.03871067242442949,-0.03681880546655114,-2.6314423381830838e-05,-2.502838557897702e-05,False
CNE0000011D3,000960 CH Equity,27024101W,0.000375338269021,CHN,,,,-0.068250898038132,-0.06641775249440207,-2.561717392876123e-05,-2.492912425351408e-05,False
CNE100005XM1,688608 CH Equity,34600801W,0.0002454091633093,CHN,,,,-0.10169011424794638,-0.09992139467044447,-2.4955685854415647e-05,-2.4521625862772125e-05,False
CNE1000048J0,601995 CH Equity,32067606W,0.0002968717659675,CHN,,,,-0.08436284603065669,-0.08256327186292423,-2.504494708316535e-05,-2.451070432200112e-05,False
CNE0000003F5,000688 CH Equity,25996701W,0.0001357479680644,CHN,,,,-0.18207547169811322,-0.18046531479849803,-2.4716375317386038e-05,-2.4497799789998402e-05,False
CNE100005VN3,688525 CH Equity,35555001W,0.0002641871403444,CHN,,,,-0.09305879855656984,-0.09127356997009961,-2.4584937874545763e-05,-2.4113303439425118e-05,False
CNE1000052S3,605117 CH Equity,34754501W,0.0007711128465064,CHN,,,,-0.03316674238982287,-0.03126366602430786,-2.5575301133560794e-05,-2.4107814500229457e-05,False
CNE100000Q50,002429 CH Equity,29482001W,0.0005629728351323,CHN,,,,-0.04444444444444451,-0.042562889498377166,-2.5021014894768927e-05,-2.3961750572324192e-05,False
CNE100003RK2,603893 CH Equity,33774001W,0.0003304657112117,CHN,,,,-0.07328228583174878,-0.07145819327085468,-2.4217282706607946e-05,-2.3614482661156103e-05,False
CNE1000000D4,000338 CH Equity,26065402W,0.0003857399575157,CHN,,,,-0.060728744939271384,-0.05888011791356296,-2.3425503492856325e-05,-2.271241418249718e-05,False
CNE1000020T8,300475 CH Equity,31982701W,0.0003456747529125,CHN,,,,-0.06702247191011235,-0.06518605199830141,-2.3167976417113057e-05,-2.2533172417854217e-05,False
CNE000001F05,600584 CH Equity,27071501W,0.0002796169690599,CHN,,,,-0.08184818481848188,-0.080040554708941,-2.2886141361998425e-05,-2.2380697309587187e-05,False
CNE000000XM3,000895 CH Equity,26000401W,0.0007191843879499,CHN,,,,-0.032834580216126286,-0.030929015465904097,-2.3614117476326675e-05,-2.2243665057739227e-05,False
CNE100000098,002128 CH Equity,28433601W,0.0002620452757681,CHN,,,,-0.08358817533129459,-0.08178557485291071,-2.1903886455641385e-05,-2.1431523516183575e-05,False
CNE100005GP9,001309 CH Equity,35376601W,0.0002684921191422,CHN,,,,-0.08132875143184426,-0.0795203861146383,-2.1836128819125098e-05,-2.1350596982925212e-05,False
CNE100000TP3,002475 CH Equity,29532601W,0.0002623507285134,CHN,,,,-0.08208955223880587,-0.0802828546207014,-2.1536253833189526e-05,-2.1062265396876394e-05,False
CNE000001NK6,002064 CH Equity,27844801W,0.0001357479680644,CHN,,,,-0.15656565656565669,-0.15490902509516025,-2.125346974745658e-05,-2.102858539150515e-05,False
CNE100000KC0,601117 CH Equity,29361201W,0.0006766726159463,CHN,,,,-0.032258064516129115,-0.030344902327345658,-2.18281489014936e-05,-2.0533564438479952e-05,False
CNE100001V45,601021 CH Equity,31888401W,0.0004998141677333,CHN,,,,-0.0419917393299678,-0.04010552137023604,-2.098806624488154e-05,-2.0045307785174604e-05,False
CNE100001260,300207 CH Equity,29716101W,-0.0001411848807307,CHN,,,,0.13719862227324886,0.13943692937895613,-1.9370371122065e-05,-1.968638624382296e-05,False
CNE100000PM8,002415 CH Equity,29459401W,0.0002229356305923,CHN,,,,-0.08885163453478628,-0.08705855406803309,-1.9808195174169162e-05,-1.94084536496108e-05,False
CNE0000019P0,600362 CH Equity,20302402W,0.0002214522726304,CHN,,,,-0.08884297520661155,-0.08704971651645654,-1.9674478766750408e-05,-1.927735755440137e-05,False
CNE100005XJ7,688578 CH Equity,34554801W,0.0001876489817671,CHN,,,,-0.10171500404058542,-0.09994334804031879,-1.9086716938652315e-05,-1.875426749416071e-05,False
CNE1000019Y0,601336 CH Equity,31039501W,0.0004423590174283,CHN,,,,-0.0442448436460412,-0.04236271848306061,-1.9572105561531547e-05,-1.8739530523758375e-05,False
CNE100001B07,002648 CH Equity,31141001W,0.0003411876896524,CHN,,,,-0.0565308988764045,-0.05467371301844959,-1.9287646781613907e-05,-1.865399782948316e-05,False
CNE100001JT4,300339 CH Equity,31306901W,0.0004487647458236,CHN,,,,-0.043406137683162815,-0.04152269704332834,-1.947914434456875e-05,-1.863392258455959e-05,False
CNE1000015S0,002603 CH Equity,29838801W,0.0004103743693803,CHN,,,,-0.04708097928436916,-0.045207987109945114,-1.9320827183629964e-05,-1.855219920119646e-05,False
CNE1000023N5,603568 CH Equity,31977701W,0.0003539719778592,CHN,,,,-0.053941908713692976,-0.052080816341703584,-1.9093924116886318e-05,-1.843514956899456e-05,False
CNE100002177,601198 CH Equity,31928401W,0.0002632922954043,CHN,,,,-0.0717839374555792,-0.06995702005730653,-1.8900157665838158e-05,-1.8419144390532894e-05,False
CNE100001526,002594 CH Equity,25375902W,0.0003925947782055,CHN,,,,-0.04807256235827673,-0.04619869943077237,-1.887303695681772e-05,-1.813736815640664e-05,False
CNE100000601,601919 CH Equity,27324002W,0.0005205836860752,CHN,,,,-0.036470588235294144,-0.03457230263313915,-1.898599325686025e-05,-1.7997776740866925e-05,False
CNE000000WV6,600188 CH Equity,10889302W,0.0001215143140616,CHN,,,,-0.14860287891617274,-0.14692629363069998,-1.805737689907773e-05,-1.7853647788147735e-05,False
CNE000001PQ8,601872 CH Equity,28153901W,-0.0002824491189654,CHN,,,,0.05919999999999992,0.06128628816954618,-1.672098784275166e-05,-1.7310258098147935e-05,False
CNE100002JW6,002850 CH Equity,32358701W,0.0003529413932462,CHN,,,,-0.05059927634554495,-0.0487305390859335,-1.7858579090646127e-05,-1.7199024358627775e-05,False
CNE100003GF5,002938 CH Equity,32858301W,0.0004757057581442,CHN,,,,-0.037513397642015,-0.035618965862426966,-1.784533926585959e-05,-1.69441471598982e-05,False
CNE000001KB1,600482 CH Equity,27075401W,0.000727439746853,CHN,,,,-0.024345709068776533,-0.022425293326190254,-1.771003644194759e-05,-1.631304970030811e-05,False
CNE1000010N2,002555 CH Equity,29684401W,0.0003389493287637,CHN,,,,-0.049024918743228674,-0.047129051631572216,-1.6616963300712294e-05,-1.5974360415791162e-05,False
CNE1000000S2,601328 CH Equity,26746202W,-0.0003257153577711,CHN,,,,0.046961325966850875,0.04902042672457796,-1.529602508869808e-05,-1.5966705828687902e-05,False
CNE000001D15,600549 CH Equity,27072601W,0.0002672783114603,CHN,,,,-0.061572700296735894,-0.05972515065871131,-1.6457047367362682e-05,-1.5963237419772386e-05,False
CNE100000767,601088 CH Equity,27315302W,0.0004847293180533,CHN,,,,-0.03444034440344401,-0.0325395087185717,-1.66942446562022e-05,-1.577285387094267e-05,False
CNE100002TX3,603659 CH Equity,32579001W,0.0003439896758805,CHN,,,,-0.04761904761904767,-0.04574593905874158,-1.6380460756214306e-05,-1.573613074966562e-05,False
CNE100000CT1,002273 CH Equity,28961001W,0.0002227515873326,CHN,,,,-0.07233245975290159,-0.07051253025020254,-1.6112170225630234e-05,-1.570677804007059e-05,False
CNE100003R80,688169 CH Equity,33730101W,0.0002676099943324,CHN,,,,-0.058518983369940436,-0.056665700355778115,-1.566026480796757e-05,-1.5164307751051257e-05,False
CNE000000XS0,000893 CH Equity,27206301W,8.890451572207318e-05,CHN,,,,-0.17153589315525875,-0.16990521327014219,-1.5250315509921566e-05,-1.5105340704437551e-05,False
CNE100000SF6,002460 CH Equity,29513601W,0.0001003129257324,CHN,,,,-0.15197624791241415,-0.1503073451117789,-1.524518206992681e-05,-1.5077769547232092e-05,False
CNE000001BJ3,600580 CH Equity,27070201W,0.0001598835101348,CHN,,,,-0.0949796472184532,-0.09319806811732612,-1.5185679388651292e-05,-1.4900834268380291e-05,False
CNE1000011H2,601799 CH Equity,29652801W,0.0001569185520883,CHN,,,,-0.09439979589233327,-0.09261762454603195,-1.4813079288855987e-05,-1.4533423541621127e-05,False
CNE100000H69,300001 CH Equity,29280201W,0.0002018796169665,CHN,,,,-0.07319173363949494,-0.0713674076302665,-1.477591915225533e-05,-1.440762491629027e-05,False
CNE100002CC3,002837 CH Equity,32320601W,0.0001613218775107,CHN,,,,-0.0906025509456091,-0.08881240327793594,-1.4616173625804508e-05,-1.4327383643034072e-05,False
CNE100000CP9,601766 CH Equity,28945301W,0.000358127010922,CHN,,,,-0.041800643086816636,-0.039915308249883874,-1.4969939363299005e-05,-1.4294750033561159e-05,False
CNE000000GJ4,600839 CH Equity,24385901W,0.0003147259654135,CHN,,,,-0.04727793696275073,-0.045398099748750975,-1.4879594353360318e-05,-1.4287960771364021e-05,False
CNE000000GN6,600863 CH Equity,24374501W,-0.00033832425678,CHN,,,,0.0390455531453362,0.041102479266568626,-1.3210057748459862e-05,-1.390596574967719e-05,False
CNE000001JP3,600143 CH Equity,27068101W,0.0001898203107501,CHN,,,,-0.07473309608540935,-0.07291178467924742,-1.4185859522249484e-05,-1.3840137625159124e-05,False
CNE000000JM2,600886 CH Equity,27020201W,-0.0002180686694149,CHN,,,,0.05766423357664241,0.05974702417444444,-1.2574762688888411e-05,-1.3028954063220963e-05,False
CNE000000KN8,600711 CH Equity,27248201W,0.0001898203107501,CHN,,,,-0.06919831223628692,-0.06736221365388972,-1.313524513207443e-05,-1.2786716328595976e-05,False
CNE100002Q09,300604 CH Equity,32399601W,0.0003935877611771,CHN,,,,-0.034118195176145893,-0.03221714309657253,-1.3428504054782596e-05,-1.2680273222902245e-05,False
CNE1000041W8,688981 CH Equity,15874106W,0.00021481276479,CHN,,,,-0.06060606060606044,-0.05875722496576452,-1.3018955441818147e-05,-1.262180194628389e-05,False
CNE100001KV8,300347 CH Equity,31347901W,-0.0001611035922435,CHN,,,,0.07596135631748435,0.07807967578809638,-1.223764737443521e-05,-1.2578916250670157e-05,False
CNE000001DN1,600460 CH Equity,27069001W,0.0001556787641878,CHN,,,,-0.08255269320843084,-0.08074642895077444,-1.2851701259063103e-05,-1.257050427163456e-05,False
CNE100003LZ3,688099 CH Equity,33319901W,0.0001244845902284,CHN,,,,-0.10195917530003074,-0.10019180973136299,-1.2692346157249928e-05,-1.247233637865054e-05,False
CNE000000WD4,600157 CH Equity,27201501W,0.0005249955187828,CHN,,,,-0.02547770700636942,-0.02358127193357873,-1.3375682007205093e-05,-1.2380062092327446e-05,False
CNE1000053V5,688676 CH Equity,34668901W,0.0003456442528472,CHN,,,,-0.03737055380459242,-0.035475718912988174,-1.2916917148274433e-05,-1.2261978357897079e-05,False
CNE000001G53,600021 CH Equity,26016301W,-0.0006099980668703,CHN,,,,0.018031555221637907,0.020036448263154316,-1.0999213827864189e-05,-1.2222194707470913e-05,False
CNE100000734,601169 CH Equity,28610901W,-0.0002483757039065,CHN,,,,0.04672897196261672,0.04877987516169946,-1.1606341304042029e-05,-1.2115735829758299e-05,False
CNE000001GL8,000100 CH Equity,27053501W,0.0001919866343547,CHN,,,,-0.06483300589390961,-0.06299420484997287,-1.2447070596670135e-05,-1.209404537299681e-05,False
CNE1000032B1,001965 CH Equity,32631201W,-0.0004395189676196,CHN,,,,0.025458248472504996,0.027478993896598025,-1.1189383086038656e-05,-1.2077539028658054e-05,False
CNE000000MD5,000596 CH Equity,24373702W,-0.0006532325679015,CHN,,,,0.016355904481517802,0.018355990753867513,-1.0684209484813527e-05,-1.1990730976525066e-05,False
CNE100005B03,688331 CH Equity,34408204W,0.0002147204904374,CHN,,,,-0.05649531942847752,-0.05463805810800815,-1.2130702695100266e-05,-1.173191063349867e-05,False
CNE100000SL4,601818 CH Equity,26978401W,-0.0004037485674318,CHN,,,,0.026936026936026813,0.028957965702909316,-1.0875382287725203e-05,-1.1691737168288834e-05,False
CNE000000RB8,600089 CH Equity,27104701W,0.0002249180511665,CHN,,,,-0.05279665446941961,-0.050933064518961624,-1.1874920631372941e-05,-1.1455765611542456e-05,False
CNE100000KT4,002340 CH Equity,29372001W,0.0002525400937538,CHN,,,,-0.04594180704441042,-0.0440607507408628,-1.1602148258214397e-05,-1.1127106122960304e-05,False
CNE000000M15,600741 CH Equity,26009901W,0.0003995931677756,CHN,,,,-0.029126213592232997,-0.027216032147796443,-1.1638635954629121e-05,-1.0875340500220547e-05,False
CNE100006M82,603296 CH Equity,35777801W,0.000283376381597,CHN,,,,-0.03958333333333319,-0.03769258005813414,-1.1216981771547876e-05,-1.0681186949929292e-05,False
CNE100004QK2,688187 CH Equity,28208205W,0.0002882088272148,CHN,,,,-0.03823279524214096,-0.03634046403559976,-1.1019029077881032e-05,-1.0473642520141826e-05,False
CNE000000T18,600111 CH Equity,27104401W,0.0001390397717442,CHN,,,,-0.07705563761693734,-0.07523786838170099,-1.071379826586276e-05,-1.0461056046311867e-05,False
CNE1000022N7,601985 CH Equity,31983201W,-0.0004006194307945,CHN,,,,0.023622047244094446,0.0256373434512156,-9.463451121129905e-06,-1.0270817940509096e-05,False
CNE000000WN3,000830 CH Equity,27202401W,0.0001304256425995,CHN,,,,-0.08024691358024694,-0.07843737038573217,-1.0466255270330249e-05,-1.023024443637411e-05,False
CNE100000ML7,002371 CH Equity,29404201W,0.0002009335913324,CHN,,,,-0.05273010474570938,-0.05086549099155402,-1.0595249317889014e-05,-1.0220585779818788e-05,False
CNE100003MN7,688008 CH Equity,34655901W,0.0004454622628304,CHN,,,,-0.024688948524030252,-0.02276889424807571,-1.0997994876417781e-05,-1.0142683153893885e-05,False
CNE000000FB3,000559 CH Equity,26022401W,0.00012345529288,CHN,,,,-0.08281389136242201,-0.08100734145859878,-1.0223813212680311e-05,-1.0000785065201479e-05,False
CNE1000020V4,300476 CH Equity,31985801W,0.0001958641871162,CHN,,,,-0.05256230978037335,-0.05069742711655878,-1.0295074078082715e-05,-9.92981035106758e-06,False
CNE100000KD8,601877 CH Equity,29373001W,0.000278916134429,CHN,,,,-0.036993769470405,-0.035097909929144966,-1.0318159178642916e-05,-9.789373363974331e-06,False
CNE0000006Y9,000423 CH Equity,26013001W,0.0003099164300413,CHN,,,,-0.033411668539899964,-0.03150831269120291,-1.0354825035609012e-05,-9.764943785882592e-06,False
CNE0000018R8,600519 CH Equity,25132101W,0.0003244438971593,CHN,,,,-0.03195025855700562,-0.030044779843724,-1.0366066401482176e-05,-9.747845461791e-06,False
CNE000000R69,600085 CH Equity,25130201W,0.0003368707362254,CHN,,,,-0.030556718292172436,-0.028648733785593072,-1.0293664187716276e-05,-9.650920042278229e-06,False
CNE000001FQ9,600487 CH Equity,26003401W,0.0003494102942738,CHN,,,,-0.029385574354407695,-0.027475124601365364,-1.0267622182578224e-05,-9.600091372172394e-06,False
CNE000001R84,601318 CH Equity,16070902W,0.000419672365819,CHN,,,,-0.024453600859906888,-0.0225421725324223,-1.0262500525670657e-05,-9.460326877381744e-06,False
CNE000001LJ2,600027 CH Equity,23602502W,-0.0001394301832871,CHN,,,,0.065359477124183,0.06745520552757944,-9.113083874973855e-06,-9.405291670379403e-06,False
CNE000000PC0,600795 CH Equity,25134701W,-0.0003222670200859,CHN,,,,0.027027027027027195,0.02904284435681581,-8.709919461781136e-06,-9.359550905689629e-06,False
CNE000001C81,600535 CH Equity,26021901W,0.0001812364487331,CHN,,,,-0.0524523160762943,-0.05058632905830318,-9.50627149349367e-06,-9.168086632970892e-06,False
CNE000000SV4,600109 CH Equity,27202001W,0.0001969610531129,CHN,,,,-0.047126436781609216,-0.04525023169601472,-9.282072617964258e-06,-8.912533288449787e-06,False
CNE100002NT4,300661 CH Equity,32470501W,0.0005054333147939,CHN,,,,-0.019298245614035148,-0.017367948599312455,-9.753976250408627e-06,-8.778339831720567e-06,False
CNE0000015Y0,600016 CH Equity,24948201W,-0.0001715697474134,CHN,,,,0.04759206798866855,0.049566011877569593,-8.165359083697222e-06,-8.5040281381242e-06,False
CNE000000S84,000729 CH Equity,25130601W,0.0001674710443044,CHN,,,,-0.05263157894736836,-0.05076534070480898,-8.814265489705253e-06,-8.501724622303025e-06,False
CNE100002FD4,000166 CH Equity,31912301W,0.0002400197469546,HKG,,,,-0.03719912472647702,-0.03530155556209014,-8.928524503781617e-06,-8.473070433116626e-06,False
CNE100004173,300857 CH Equity,34525801W,0.0004967163722394,CHN,,,,-0.017899127796738634,-0.01596580928273994,-8.89078982544542e-06,-7.93047886678872e-06,False
CNE0000011S1,000963 CH Equity,26000801W,0.000227010179003,CHN,,,,-0.03668378576669107,-0.03478653103378582,-8.327592773404242e-06,-7.896896636873132e-06,False
CNE100001TS5,603939 CH Equity,31925501W,0.0007867494917367,CHN,,,,-0.011800699300699269,-0.009855601922958312,-9.284194176962781e-06,-7.753889803646695e-06,False
CNE000000DG7,600803 CH Equity,27234001W,-0.0002454511270747,CHN,,,,0.02952433023510115,0.03154975110670266,-7.246780132331219e-06,-7.743921968066432e-06,False
CNE000001HC5,600497 CH Equity,27036201W,0.0001109277856896,CHN,,,,-0.07163323782234954,-0.06980400713634793,-7.946116453409739e-06,-7.743203943896112e-06,False
CNE100002RP3,601212 CH Equity,32355301W,0.0001137595954085,CHN,,,,-0.06695778748180492,-0.0651187355737256,-7.617090813378454e-06,-7.407881012380121e-06,False
CNE0000011K8,000999 CH Equity,25135901W,0.0002925395482984,CHN,,,,-0.02693877551020407,-0.025022831551146818,-7.880657219467099e-06,-7.3201678391194415e-06,False
CNE000001M22,002050 CH Equity,27311401W,0.0001035769200346,CHN,,,,-0.07079889807162532,-0.06897081498510849,-7.3331318041025315e-06,-7.143784588433774e-06,False
CNE000001FJ4,600352 CH Equity,26027601W,7.943061141621441e-05,CHN,,,,-0.09105180533751966,-0.08926405282533256,-7.232300568509322e-06,-7.090298293405427e-06,False
CNE000001139,600219 CH Equity,26013801W,0.0003020645207227,CHN,,,,-0.024793388429752095,-0.0228648378498445,-7.489202993124801e-06,-6.906656286515529e-06,False
CNE000001KK2,002027 CH Equity,27088901W,0.000146707700097,CHN,,,,-0.04869215291750506,-0.046831695215433955,-7.143513767298596e-06,-6.8705702966999945e-06,False
CNE000001FM8,600489 CH Equity,27069701W,0.0005005287441474,CHN,,,,-0.015612802498048528,-0.013674451540146015,-7.81465642696962e-06,-6.8444560562937655e-06,False
CNE000001G38,600406 CH Equity,27051001W,0.0001703379053972,CHN,,,,-0.041358293426208115,-0.03946983525226988,-7.044885073023077e-06,-6.723209063244217e-06,False
CNE000001JN8,002007 CH Equity,27076001W,0.0002756287004225,CHN,,,,-0.025993883792048922,-0.024077137250470004,-7.16466040853593e-06,-6.636350050241212e-06,False
CNE100005RH3,688234 CH Equity,35188401W,0.0003303268080386,CHN,,,,-0.02150637743226891,-0.019580207850474762,-7.10413300967477e-06,-6.467867559979666e-06,False
CNE100001XR9,300395 CH Equity,31832001W,-0.0001899713606074,CHN,,,,0.03151832460732984,0.03354886371631616,-5.987579009720145e-06,-6.373323287020814e-06,False
CNE0000010T1,000938 CH Equity,26022301W,5.031654398567856e-05,CHN,,,,-0.12759948652118114,-0.12588281161050374,-6.42036517609301e-06,-6.3339880274408e-06,False
CNE100000XB5,002517 CH Equity,29586901W,0.0003310077437104,CHN,,,,-0.02096680256260941,-0.019038413374240726,-6.940174009070773e-06,-6.301862254833326e-06,False
CNE000000JP5,600887 CH Equity,26002901W,0.0004786965479747,CHN,,,,-0.015094339622641506,-0.013154425039047402,-7.2256082713162244e-06,-6.2969778567839495e-06,False
CNE100000T40,300115 CH Equity,29524801W,0.0001012163114515,CHN,,,,-0.0634343434343434,-0.061588665035957946,-6.420590261771916e-06,-6.233777502161628e-06,False
CNE100001QQ5,000333 CH Equity,31610001W,0.0002095528927425,CHN,,,,-0.031118203579163395,-0.029210491850487963,-6.520909576963706e-06,-6.121143065700974e-06,False
CNE000000FH0,000425 CH Equity,25133101W,0.0001572602989626,CHN,,,,-0.03929024081115329,-0.037402597402597326,-6.178795016274514e-06,-5.881943649510222e-06,False
CNE0000008K4,000750 CH Equity,27196601W,0.0001474107632171,CHN,,,,-0.04166666666666663,-0.039790026246719123,-6.142115134045828e-06,-5.865478137457307e-06,False
CNE100000FX6,601618 CH Equity,29267601W,0.0003311220259756,CHN,,,,-0.01953125000000011,-0.017611548556430434,-6.4672270698359744e-06,-5.831571638572899e-06,False
CNE000000230,600660 CH Equity,25900501W,0.0001450066619895,CHN,,,,-0.04205690051245803,-0.040170360704477326,-6.09853075693603e-06,-5.824969916670437e-06,False
CNE000000TR0,600115 CH Equity,06433602W,0.0001323505886278,CHN,,,,-0.045845272206303744,-0.0439729693305867,-6.06764876230602e-06,-5.819848374615346e-06,False
CNE100003MM9,688012 CH Equity,33303201W,0.0002415758612975,CHN,,,,-0.025966850828729182,-0.024049539437807077,-6.272964354133954e-06,-5.809788203496439e-06,False
CNE000001Q93,601628 CH Equity,25950302W,0.000189401504158,CHN,,,,-0.03246753246753242,-0.03056275469689429,-6.149399485649342e-06,-5.788631710803758e-06,False
CNE000001JQ1,002008 CH Equity,27069601W,0.0008513568962389,CHN,,,,-0.008715501141315474,-0.006764514984345382,-7.420002000836932e-06,-5.7590164816338155e-06,False
CNE100000BP1,002241 CH Equity,28883601W,5.018696512864864e-05,CHN,,,,-0.11216494845360825,-0.1104165627614947,-5.62921835669791e-06,-5.541472184936378e-06,False
CNE100000T24,002465 CH Equity,29523901W,-0.0011272649836889,CHN,,,,0.002941176470588447,0.004914231509051126,-3.3154852461440624e-06,-5.539641101893996e-06,False
CNE100002V44,601108 CH Equity,32572501W,0.0001006811853825,CHN,,,,-0.055118110236220486,-0.05325492982230717,-5.549356674625985e-06,-5.361769461971736e-06,False
CNE100002RZ2,601360 CH Equity,18671701W,0.000116882399601,CHN,,,,-0.04772234273318887,-0.04584642068518208,-5.577901933236461e-06,-5.358639662801004e-06,False
CNE1000031T5,601066 CH Equity,32298603W,6.863063677908806e-05,CHN,,,,-0.07968750000000013,-0.07787704922335548,-5.469003868333589e-06,-5.344751478675272e-06,False
CNE0000018V0,600346 CH Equity,27231201W,3.697011878051592e-05,CHN,,,,-0.1457364341085271,-0.14405464249377564,-5.387893279641079e-06,-5.325717243879642e-06,False
CNE1000027G0,002797 CH Equity,32163001W,0.000106440949186,CHN,,,,-0.051359516616314216,-0.04950062928829524,-5.466755698374624e-06,-5.268893966750457e-06,False
CNE000001733,600332 CH Equity,22497602W,0.0001635449428206,CHN,,,,-0.033104799216454595,-0.031223573156084927,-5.4141224949425105e-06,-5.106457486466731e-06,False
CNE100000S58,601717 CH Equity,29504101W,0.0002290184192614,CHN,,,,-0.023893183415319763,-0.021970809468271568,-5.471979096899231e-06,-5.031720054316955e-06,False
CNE100005ZH6,688048 CH Equity,35290901W,-3.821233951495785e-05,CHN,,,,0.12874617737003047,0.13096799852784913,-4.919692640916587e-06,-5.00459362534067e-06,False
CNE100002136,300487 CH Equity,32002301W,-5.107234874336196e-05,CHN,,,,0.09433063363506422,0.0964846105008188,-4.81768701819231e-06,-4.927695675865262e-06,False
CNE000001DB6,600030 CH Equity,25712001W,0.000104527379473,CHN,,,,-0.04856115107913672,-0.04668874172185433,-5.075969866494608e-06,-4.880251823077155e-06,False
CNE0000008J6,000708 CH Equity,25997201W,0.0002378956605763,CHN,,,,-0.021818181818181848,-0.019888876400650957,-5.1904507762101885e-06,-4.7314773894532435e-06,False
CNE0000001D4,000651 CH Equity,25998001W,0.0002371549455921,CHN,,,,-0.02184003517858013,-0.019898063870125826,-5.1794723545057215e-06,-4.718924254507822e-06,False
CNE0000016J9,600309 CH Equity,26026701W,7.60912078063463e-05,CHN,,,,-0.0625,-0.06066117885284139,-4.7557004878966435e-06,-4.615782365869494e-06,False
CNE1000015L5,002600 CH Equity,29835401W,0.0002508722265054,CHN,,,,-0.020328381548084473,-0.018387181507748873,-5.099826340219242e-06,-4.612833164007878e-06,False
CNE0000015R4,600019 CH Equity,24947901W,-0.0002913924151485,CHN,,,,0.013745704467353903,0.015747486059318527,-4.00539402265978e-06,-4.588697995342161e-06,False
CNE000001DL5,600521 CH Equity,27042301W,-0.0005569634726197,CHN,,,,0.0062073246430789375,0.008187319872706711,-3.4572530888870853e-06,-4.5600381077510106e-06,False
CNE000000PF3,600060 CH Equity,24379501W,0.0003391312062561,CHN,,,,-0.015357142857142847,-0.013419211165398126,-5.208086381790104e-06,-4.550873269526792e-06,False
CNE0000018G1,600028 CH Equity,14075602W,0.0001021389781514,CHN,,,,-0.045787545787545736,-0.043908442037902895,-4.6766931388003605e-06,-4.484763401971377e-06,False
CNE100000B81,002230 CH Equity,28871001W,0.0001348542040963,CHN,,,,-0.0347394540942928,-0.0328390360369073,-4.684761432625806e-06,-4.4284820680468475e-06,False
CNE100000627,601009 CH Equity,28587601W,-0.0001667663803085,CHN,,,,0.02401372212692965,0.026029631251692775,-4.004681516842191e-06,-4.340867384609814e-06,False
CNE100000D55,601727 CH Equity,27283602W,0.0001332285487622,CHN,,,,-0.03308270676691738,-0.03118116600990195,-4.407561011681817e-06,-4.154221496212476e-06,False
CNE0000014W7,600276 CH Equity,27108501W,7.686462838272822e-05,CHN,,,,-0.05535055350553497,-0.05349108214576892,-4.25449972598126e-06,-4.111572150924517e-06,False
CNE100000PG0,002409 CH Equity,29458701W,0.0001154523019293,CHN,,,,-0.036945985811617565,-0.03505009549978222,-4.265499108998505e-06,-4.046614208291656e-06,False
CNE100000HK9,600999 CH Equity,29316901W,6.278187326663368e-05,CHN,,,,-0.06531266702298244,-0.06347501939265077,-4.100451583742729e-06,-3.985080623106516e-06,False
CNE1000019P8,601555 CH Equity,31039601W,0.0003619875199553,CHN,,,,-0.012941176470588123,-0.010995786661185947,-4.684544375892077e-06,-3.980337543440269e-06,False
CNE000001BD6,600026 CH Equity,21175902W,-4.936768414338917e-05,CHN,,,,0.0780437044745057,0.08016542793816384,-3.8528369518774055e-06,-3.957581525670897e-06,False
CNE0000017H1,600010 CH Equity,25133401W,8.391596904713271e-05,CHN,,,,-0.04888888888888887,-0.04700471838977471,-4.102558486748708e-06,-3.944446493465525e-06,False
CNE100003G83,300748 CH Equity,32845801W,6.487233053203718e-05,CHN,,,,-0.06226834692364713,-0.06042297577303157,-4.039492783314397e-06,-3.9197792560773784e-06,False
CNE100000CS3,002271 CH Equity,28960801W,5.319406523606231e-05,CHN,,,,-0.07531760435571688,-0.07350251207258174,-4.006449559521935e-06,-3.909897422203371e-06,False
CNE100003F43,601162 CH Equity,32806701W,6.222079591230709e-05,CHN,,,,-0.06233766233766236,-0.0604907675660582,-3.878698965962002e-06,-3.763783703306512e-06,False
CNE100001K48,300346 CH Equity,31336701W,0.0001566713871493,CHN,,,,-0.025165562913907258,-0.023248402281184077,-3.94272365011483e-06,-3.64235943439806e-06,False
CNE0000005Q7,600642 CH Equity,23732801W,-0.0003198076055467,CHN,,,,0.009302325581395321,0.011289856318022151,-2.9749544702018515e-06,-3.610581916032947e-06,False
CNE100000825,002185 CH Equity,28719601W,0.0003672059898616,CHN,,,,-0.011730205278592365,-0.009781280788177416,-4.307401640605274e-06,-3.5917448939369387e-06,False
CNE100000S33,002456 CH Equity,29502901W,3.700514438495807e-05,CHN,,,,-0.09857328145265887,-0.0967964024889757,-3.647718512654751e-06,-3.5819648500490605e-06,False
CNE100001D96,002673 CH Equity,31254501W,0.0001250791106212,CHN,,,,-0.030259365994236287,-0.02834846929884005,-3.784814586520458e-06,-3.545801327371307e-06,False
CNE100000GQ8,300017 CH Equity,29284801W,3.545446776197586e-05,CHN,,,,-0.10148981453329287,-0.09969763831004341,-3.598267357539541e-06,-3.5347267034085636e-06,False
CNE100003G67,300760 CH Equity,32896601W,9.713776043743894e-05,CHN,,,,-0.03678863017840939,-0.03489433360234517,-3.573565145091868e-06,-3.3895574180886814e-06,False
CNE100002NL1,300666 CH Equity,32477401W,-8.907011502181212e-05,CHN,,,,0.03584890199934443,0.03788799955954114,-3.1930658244872787e-06,-3.3746884787146963e-06,False
CNE1000058S0,301236 CH Equity,18604101W,9.73347770216156e-05,CHN,,,,-0.035468501852832235,-0.03356934136507628,-3.4523187191361853e-06,-3.2674643565321967e-06,False
CNE100003LF5,600989 CH Equity,33190101W,0.0003736041957784,CHN,,,,-0.00991100323624583,-0.007977689650204844,-3.702792393434743e-06,-2.980498325934446e-06,False
CNE0000018C0,600372 CH Equity,27223101W,-0.0001646369215888,CHN,,,,0.01605709188224802,0.018059759642760742,-2.643590177161824e-06,-2.973303232217775e-06,False
CNE1000022F3,601211 CH Equity,31995701W,0.0001230700398115,CHN,,,,-0.024526198439241975,-0.022607080255884093,-3.0184402183422587e-06,-2.7822542671134307e-06,False
CNE000000X38,600196 CH Equity,26012201W,0.0001089848021402,CHN,,,,-0.02683363148479423,-0.02491751257595154,-2.9244580180733404e-06,-2.7156301779160238e-06,False
CNE000001352,000981 CH Equity,27215701W,-0.0001098682901342,CHN,,,,0.02238805970149249,0.024394524394524497,-2.459737838825368e-06,-2.6801846838634372e-06,False
CNE1000008V9,601099 CH Equity,28774601W,6.807200613742211e-05,CHN,,,,-0.03910614525139666,-0.037218468468468546,-2.662033759563994e-06,-2.533535814011042e-06,False
CNE100004454,688313 CH Equity,33925301W,-0.0001218498823525,CHN,,,,0.018045969733426093,0.020049531383419694,-2.1988992889547452e-06,-2.4430330402924463e-06,False
CNE100000CF0,002261 CH Equity,28918401W,0.0001251184250544,CHN,,,,-0.019335937500000067,-0.017412164893254034,-2.419282046950321e-06,-2.1785826482314597e-06,False
CNE100001ZV6,600958 CH Equity,31943401W,5.663950445358715e-05,CHN,,,,-0.040261153427638696,-0.038370426695522486,-2.2803717788712976e-06,-2.173281953707085e-06,False
CNE100001RQ3,002714 CH Equity,31703401W,7.98599347785513e-05,CHN,,,,-0.02907114157409607,-0.02715948215624242,-2.3216194700453434e-06,-2.1689544736167474e-06,False
CNE1000041D8,601456 CH Equity,32001602W,8.145628442915385e-05,CHN,,,,-0.027027027027027084,-0.025113688814231372,-2.2015212007879467e-06,-2.04566777911729e-06,False
CNE100000W94,300136 CH Equity,29568001W,4.37085407738281e-05,CHN,,,,-0.04460055546479336,-0.04272030314872466,-1.949425197068302e-06,-1.8672421120463286e-06,False
CNE100000GR6,300015 CH Equity,29284601W,7.562117631372921e-05,CHN,,,,-0.025578562728380105,-0.02366045487654167,-1.9342810019346147e-06,-1.7892314298819918e-06,False
CNE100004868,300896 CH Equity,34019201W,5.776816856057222e-05,CHN,,,,-0.032281004202133534,-0.030381548521428825,-1.8648144920533902e-06,-1.755086416117104e-06,False
CNE000001FW7,600015 CH Equity,26001001W,-0.0001037977982805,CHN,,,,0.014446227929374,0.016447545810459596,-1.4994866525272876e-06,-1.707219042243368e-06,False
CNE100003PM2,688111 CH Equity,33547701W,1.5733297915257645e-05,CHN,,,,-0.10751051472060891,-0.10575372388757054,-1.6914949571220325e-06,-1.6638548435710462e-06,False
CNE000001P52,002078 CH Equity,27939301W,2.452130089652185e-05,CHN,,,,-0.06773977196512404,-0.06590326316690787,-1.6610673310185816e-06,-1.6160337461784132e-06,False
CNE000001FG0,600029 CH Equity,20580902W,5.014236190599826e-05,CHN,,,,-0.03393213572854292,-0.03202703790134376,-1.7014374299440532e-06,-1.6059113252263016e-06,False
CNE0000012L4,000975 CH Equity,27115501W,-0.0001899713606074,CHN,,,,0.006451612903225712,0.008432782537739714,-1.2256216813380466e-06,-1.6019871724007367e-06,False
CNE0000007H2,000629 CH Equity,25134401W,2.9843626361390677e-05,CHN,,,,-0.055374592833876246,-0.053512803676953324,-1.6525786584483444e-06,-1.5970161184854483e-06,False
CNE000001QZ7,601166 CH Equity,28248301W,-9.477337950466663e-05,CHN,,,,0.014823261117445918,0.01682098351612571,-1.4048505513804709e-06,-1.5941814544155236e-06,False
CNE000001B33,600036 CH Equity,25402301W,-6.920644494631241e-05,CHN,,,,0.019940179461615193,0.021947931233723406,-1.3799889321298612e-06,-1.5189382946121295e-06,False
CNE100000MD4,300059 CH Equity,29421201W,2.9639091025881326e-05,CHN,,,,-0.05157297576070141,-0.049706143269017566,-1.5285761230470003e-06,-1.4732449048959101e-06,False
CNE100001XQ1,300394 CH Equity,31925201W,-5.51448052844751e-05,CHN,,,,0.022775665399239475,0.02478899665726164,-1.2559596336654178e-06,-1.3669843938621974e-06,False
CNE100002SN6,601838 CH Equity,32652701W,-2.903668827653984e-05,CHN,,,,0.043044619422572206,0.04509798388803454,-1.2498731961555215e-06,-1.3094961000572753e-06,False
CNE100002SX5,600901 CH Equity,32661601W,-3.39651910843505e-05,CHN,,,,0.03363914373088672,0.035671355038886965,-1.1425599447334988e-06,-1.211584390133505e-06,False
CNE000000Q11,600061 CH Equity,27244501W,2.787731382367688e-05,CHN,,,,-0.04447852760736182,-0.04259287885814411,-1.2399418725255014e-06,-1.1873750505823355e-06,False
CNE0000014Q9,600282 CH Equity,26008401W,-0.0001133800497985,CHN,,,,0.007872340425531865,0.009892921986018433,-8.925663494775476e-07,-1.1216599874274454e-06,False
CNE100000W60,002493 CH Equity,29566201W,9.303613830152035e-06,CHN,,,,-0.12196765498652296,-0.12023906547133933,-1.134739961763827e-06,-1.1186578324437088e-06,False
CNE1000015F7,601058 CH Equity,29815401W,1.2100706846034267e-05,CHN,,,,-0.09355263157894733,-0.09174818868608459,-1.1320529694118896e-06,-1.1102179349449474e-06,False
CNE1000033T1,300454 CH Equity,32723301W,0.0002455551276958,CHN,,,,-0.006470806991446421,-0.0045147832414285105,-1.5889398370795014e-06,-1.1086281753678358e-06,False
CNE0000016H3,600398 CH Equity,25988901W,5.388331746888289e-05,CHN,,,,-0.021848739495798353,-0.019920498690035204,-1.1772825665470228e-06,-1.0733825550536325e-06,False
CNE000000C82,601607 CH Equity,26012601W,0.0002911222343706,CHN,,,,-0.005538461538461492,-0.0035808206943318543,-1.6123692980525404e-06,-1.0424565214143729e-06,False
CNE100004QD7,601825 CH Equity,31861901W,5.656100213462871e-05,CHN,,,,-0.020224719101123556,-0.018292867065289542,-1.1439303802509156e-06,-1.034662893128321e-06,False
CNE000001P37,601398 CH Equity,27937802W,-0.0001347339482849,CHN,,,,0.004956629491945419,0.006927329647638647,-6.678262616351844e-07,-9.333464744974001e-07,False
CNE100005PT2,688041 CH Equity,35397101W,1.2310939812482412e-05,CHN,,,,-0.07408428515163445,-0.07226169468847154,-9.120471755525562e-07,-8.896093740577532e-07,False
CNE100003PZ4,601658 CH Equity,32249402W,-3.2572096762723227e-05,CHN,,,,0.024714828897338448,0.026736328449344038,-8.050137983182561e-07,-8.708582773319838e-07,False
CNE100000SP5,002463 CH Equity,29513901W,-3.4532070369864105e-05,CHN,,,,0.023136658394043774,0.025150605083052557,-7.989567157866267e-07,-8.685024645726328e-07,False
CNE000000RF9,000768 CH Equity,27104601W,-4.240721683134619e-05,CHN,,,,0.01775956284153013,0.019762870037481894,-7.531336322506869e-07,-8.380883148892095e-07,False
CNE0000008X7,000538 CH Equity,27143001W,-7.58964136035232e-05,CHN,,,,0.008930343322087753,0.010916873349868128,-6.777810303946334e-07,-8.285515350188712e-07,False
CNE000000W05,600150 CH Equity,27122801W,-7.1146654026800365e-06,CHN,,,,0.10886150234741776,0.1110442958736444,-7.745131644349447e-07,-7.900430100171833e-07,False
CNE000000GZ0,600862 CH Equity,27236901W,-0.0002160731694677,CHN,,,,0.0016722408026754731,0.0036442493520500996,-3.6132637034730017e-07,-7.87424507828077e-07,False
CNE000001N05,601988 CH Equity,26746102W,-7.96610269133766e-05,CHN,,,,0.007680491551459223,0.0096607387988068,-6.118358441887549e-07,-7.695843734548501e-07,False
CNE000000JW1,600893 CH Equity,27233301W,-2.5140756610799285e-05,CHN,,,,0.026901189860320862,0.028922459790811317,-6.763162668192284e-07,-7.271325221864161e-07,False
CNE0000002Y8,000513 CH Equity,21070302W,0.0001431442786376,CHN,,,,-0.006815600151457768,-0.004861939738406762,-9.756141671627394e-07,-6.959588566337176e-07,False
CNE100002YQ7,603345 CH Equity,32356401W,-5.687202011456456e-05,CHN,,,,0.009878520891736908,0.011866010682907824,-5.618114388570077e-07,-6.748439982379717e-07,False
CNE000000QS4,000786 CH Equity,25983101W,1.1601830305512074e-05,CHN,,,,-0.05990510083036771,-0.058053665865624104,-6.950088142685166e-07,-6.735287799858696e-07,False
CNE1000047B9,300866 CH Equity,33949401W,0.0001340493650541,CHN,,,,-0.006917388884471576,-0.004962602842183972,-9.272715877957039e-07,-6.652337600104335e-07,False
CNE1000006H2,002157 CH Equity,28583101W,-7.680975015084842e-05,CHN,,,,0.0066225165562914245,0.00861033239887865,-5.086738420586014e-07,-6.613574802736245e-07,False
CNE100001SL2,603288 CH Equity,31713601W,-5.822562982825849e-05,CHN,,,,0.008920606601248826,0.01090696215429987,-5.194079378078333e-07,-6.35064740947089e-07,False
CNE100004QG0,601728 CH Equity,25433805W,-5.794175647603568e-05,CHN,,,,0.008163265306122325,0.010210647342383528,-4.7299393041661063e-07,-5.916228417750673e-07,False
CNE100003MF3,688122 CH Equity,33282901W,-5.002218412741316e-05,CHN,,,,0.009807846277021692,0.011794911107793737,-4.906098923625428e-07,-5.900072152005291e-07,False
CNE1000000R4,601998 CH Equity,28445801W,-0.0001347856456567,CHN,,,,0.002259887005649608,0.004236516034985316,-3.0460032916766884e-07,-5.710215491104585e-07,False
CNE000000WL7,600153 CH Equity,26023401W,-0.0002331389340315,CHN,,,,0.0,0.0019651972536165463,-0.0,-4.5816399286979293e-07,False
CNE1000015R2,002602 CH Equity,29838701W,-9.104491653591238e-06,CHN,,,,0.034653465346534684,0.03668944412237107,-3.1550218601553827e-07,-3.3403873778702957e-07,False
CNE0000006M4,000657 CH Equity,27223901W,5.890643793634737e-06,CHN,,,,-0.05714285714285716,-0.055286367679210247,-3.3660821677912794e-07,-3.2567229864214796e-07,False
CNE100002G76,600919 CH Equity,32205501W,-4.139919746792943e-05,CHN,,,,0.005789909015715411,0.007769601849587637,-2.3969758666294726e-07,-3.2165528121826834e-07,False
CNE0000009Y3,600600 CH Equity,20924401W,7.508390893777944e-05,CHN,,,,-0.00591715976331364,-0.0039599551523151755,-4.442834848389339e-07,-2.9732891205412313e-07,False
CNE000001006,000932 CH Equity,25133201W,7.059095361733397e-05,CHN,,,,-0.005509641873278293,-0.0035539760106619855,-3.88930873924709e-07,-2.508785557257578e-07,False
CNE100004C45,688617 CH Equity,34621901W,3.0959929240575166e-05,CHN,,,,-0.009422418012726363,-0.0074726289100433,-2.917173949491291e-07,-2.3135206229601687e-07,False
CNE100003T39,300832 CH Equity,33837401W,1.2365477671221744e-05,CHN,,,,-0.019226917684758704,-0.017295254705326668,-2.3775002131730224e-07,-2.1386408587680973e-07,False
CNE1000015M3,002601 CH Equity,29835301W,1.7747944265258777e-06,CHN,,,,-0.08883405305367065,-0.08703870275109937,-1.576621822453588e-07,-1.5447580453469375e-07,False
CNE100000PW7,002422 CH Equity,29476001W,-0.0002954130784294,CHN,,,,-0.0014785608674222628,0.00048680251878896463,4.367862174904546e-07,-1.4380783066263385e-07,False
CNE000000644,000039 CH Equity,21063102W,0.0005333827896133,CHN,,,,-0.0022050716648290836,-0.00023706162120518126,-1.1761472758837801e-06,-1.26444588828671e-07,False
CNE000000JK6,600885 CH Equity,27245701W,3.329826356550801e-05,CHN,,,,-0.0054834054834054236,-0.0035254011161831578,-1.8258788102298568e-07,-1.1738973554080293e-07,False
CNE100002W84,603129 CH Equity,32524101W,0.0001071082841753,CHN,,,,-0.0028214429665458507,-0.0008587449234181976,-3.021999150451944e-07,-9.197869529157255e-08,False
CNE0000018P2,600498 CH Equity,25131601W,3.443920284774818e-05,CHN,,,,-0.004239284032030111,-0.0022787694644892387,-1.459975627083048e-07,-7.847900383079938e-08,False
CNE000000R36,000625 CH Equity,24206101W,-2.248141405221836e-05,CHN,,,,0.0014144271570013522,0.0033833550336910267,-3.179832256324947e-08,-7.606260539806518e-08,False
CNE1000000T0,601600 CH Equity,14635202W,9.100580691883184e-07,CHN,,,,-0.04708290685772765,-0.04520508376660892,-4.284817930671706e-08,-4.113925125013631e-08,False
CNE000000VG9,000807 CH Equity,26026901W,-5.093632758335457e-06,CHN,,,,0.00184433788270022,0.0038144005393201397,-9.394379856760897e-09,-1.9429155540493495e-08,False
CNE100000V95,601377 CH Equity,29537901W,-9.420338781504802e-06,CHN,,,,-0.0016891891891891442,0.0002723991555626526,1.591273442821715e-08,-2.5660923291960156e-09,False
CNE1000010F8,601216 CH Equity,29686701W,0.0,CHN,,,,-0.018789144050104345,-0.016861182807765607,-0.0,-0.0,False
CNE000000040,000001 CH Equity,21338001W,0.0001817503281158,CHN,,,,-0.0017064846416383617,0.00025798906126373033,-3.101541435423456e-07,4.6889596534970216e-08,False
CNE000001KM8,002028 CH Equity,27088301W,-1.644860890646631e-06,CHN,,,,-0.03596916928347127,-0.034071221036872656,5.9164279823429996e-08,5.604241898012859e-08,False
CNE100005QL7,688120 CH Equity,35344301W,2.873311107842029e-06,CHN,,,,0.022368017188459266,0.024380560825339792,6.427027224800144e-08,7.005293623486705e-08,False
CNE100005154,601665 CH Equity,34857501W,-1.3891224636294476e-05,CHN,,,,-0.007112375533428139,-0.005161240991722993,9.879960623253503e-08,7.169595801807537e-08,False
CNE000000KB3,600703 CH Equity,27254101W,-4.058516143576484e-06,CHN,,,,-0.02291825821237592,-0.02099427662141018,9.3014120937582e-08,8.520561059070358e-08,False
CNE1000017G1,601669 CH Equity,30319701W,-6.089468877647284e-06,CHN,,,,-0.017353579175705014,-0.015420717398591854,1.056740803062437e-07,9.390397866971908e-08,False
CNE1000006B5,002155 CH Equity,28580201W,-0.0001899713606074,CHN,,,,-0.0025706940874036244,-0.0006094897805591915,4.88358253489465e-07,1.1578560288913525e-07,False
CNE100001BZ8,601231 CH Equity,31164401W,-4.441450508516959e-06,CHN,,,,-0.03322259136212624,-0.03131906154429975,1.4755649529956672e-07,1.3910206182220406e-07,False
CNE000000QZ9,000728 CH Equity,27200801W,-8.601091765506035e-06,CHN,,,,-0.024643320363164745,-0.02272846112282767,2.1195945985034347e-07,1.9548957980617713e-07,False
CNE100003JW4,300759 CH Equity,33165401W,-0.000142794631746,CHN,,,,-0.0034642032332563577,-0.0015021212807755369,4.946696249861442e-07,2.1449485512617267e-07,False
CNE1000015Y8,601901 CH Equity,29838601W,-4.691525586683292e-05,CHN,,,,-0.007267441860465129,-0.005312863184006811,3.4095389438105385e-07,2.4925433566315616e-07,False
CNE100002RJ6,601128 CH Equity,32256201W,1.4127250390871411e-05,CHN,,,,0.025848142164781818,0.02786461725500411,3.6516317650071374e-07,3.936504250072391e-07,False
CNE000001D72,600563 CH Equity,25712701W,-1.6236024092124036e-05,CHN,,,,-0.026486988847583604,-0.024570461846208924,4.3004338905718803e-07,3.989266104896625e-07,False
CNE100000C31,002252 CH Equity,28901601W,-0.0002355850246525,CHN,,,,-0.004106776180698213,-0.0021523475765393707,9.674949677720882e-07,5.070608568797762e-07,False
CNE000001CW4,600522 CH Equity,27076201W,0.0002457119724659,CHN,,,,0.0002842524161454918,0.002253740636471546,6.984422184930662e-08,5.537710572139764e-07,False
CNE100002FM5,601229 CH Equity,32288601W,3.569634293660422e-05,CHN,,,,0.01371308016877637,0.015713597187570816,4.895068124217879e-07,5.609179539751875e-07,False
CNE1000008M8,601601 CH Equity,28768601W,0.0002601976050506,CHN,,,,0.0006250000000000977,0.0025952919388467777,1.6262350315665042e-07,6.752887468950598e-07,False
CNE100003F50,601577 CH Equity,32832601W,6.03252343177148e-05,CHN,,,,0.009287925696594312,0.011274910896306833,5.602962939725763e-07,6.801616417310655e-07,False
CNE100002BR3,002812 CH Equity,32245801W,-7.286056350844865e-06,CHN,,,,-0.10112570356472794,-0.09935593993815306,7.368075746914413e-07,7.239129771805411e-07,False
CNE100000RJ0,601288 CH Equity,26978301W,-0.0002009478972712,CHN,,,,-0.005780346820809301,-0.0038159785606090013,1.161548539139895e-06,7.668128677863592e-07,False
CNE000000V89,600009 CH Equity,24363201W,-4.191605050433866e-05,CHN,,,,-0.020574367766823753,-0.018645561526897003,8.623962384090219e-07,7.815482986431687e-07,False
CNE0000019T2,600583 CH Equity,25403401W,-0.0001020079408468,CHN,,,,-0.009740259740259827,-0.0077990357555792755,9.93583839416892e-07,7.955635780172089e-07,False
CNE100003RV9,601816 CH Equity,33678201W,-2.7943054685160832e-05,CHN,,,,-0.030674846625766805,-0.02877282657982616,8.57148916722723e-07,8.040006665667316e-07,False
CNE100000F46,601668 CH Equity,29243101W,-4.74170691968429e-05,CHN,,,,-0.020785219399538035,-0.01885416343378543,9.855741865394565e-07,8.94009172188389e-07,False
CNE100000GS4,300014 CH Equity,29284501W,-1.238489721844237e-05,CHN,,,,-0.07771038665655805,-0.07589533031164786,9.624351515468868e-07,9.399558652694924e-07,False
CNE1000005P7,002142 CH Equity,28587701W,0.0001285468715929,CHN,,,,0.005568581477139567,0.007546292922987252,7.158237280964614e-07,9.700523473736524e-07,False
CNE000001303,000988 CH Equity,25900801W,7.12983330190408e-05,CHN,,,,0.01174224343675423,0.013734112055113545,8.372023829443493e-07,9.792192950263085e-07,False
CNE0000004Z1,600637 CH Equity,24383601W,-6.906523467632199e-05,CHN,,,,-0.01760563380281699,-0.015670223420951035,1.2159372302169423e-06,1.0822676579983803e-06,False
CNE100002FG7,601881 CH Equity,31539405W,-6.54366933973833e-05,CHN,,,,-0.01860841423948212,-0.016673008969828707,1.2176730972004928e-06,1.0910265759705026e-06,False
CNE100000BJ4,002236 CH Equity,28883901W,-5.069763148078905e-05,CHN,,,,-0.023995127892813772,-0.022072724594269344,1.216496151244275e-06,1.1190348572572163e-06,False
CNE000000WS2,000831 CH Equity,26016801W,-1.0033150973661551e-05,CHN,,,,-0.118433773767322,-0.11669817306214014,1.1882639325880187e-06,1.1708503886829357e-06,False
CNE100003GD0,002939 CH Equity,32829201W,-4.030490767380766e-05,CHN,,,,-0.03321033210332114,-0.03131482598742119,1.3385393692408491e-06,1.262141170244364e-06,False
CNE100002PC5,300628 CH Equity,32373301W,0.0002214085282661,CHN,,,,0.004106280193236778,0.006082983713249224,9.091654542327917e-07,1.3468244714171668e-06,False
CNE100000TF4,002472 CH Equity,29531901W,0.0002416887450749,CHN,,,,0.0036609405801184547,0.005634964786200625,8.848081346026057e-07,1.3619075677180811e-06,False
CNE100005998,688072 CH Equity,35309601W,0.000306862474761,CHN,,,,0.0024783878677012705,0.004451745236585092,7.605242345004498e-07,1.3660735603039948e-06,False
CNE1000060L1,688249 CH Equity,35660501W,-1.772395834781813e-05,CHN,,,,-0.07995873097756001,-0.07814690738176411,1.4171852173906688e-06,1.385072531445188e-06,False
CNE0000014G0,600298 CH Equity,27220501W,-6.898370181623973e-05,CHN,,,,-0.02315484804630974,-0.021232079709839535,1.597307133226972e-06,1.4646674556422042e-06,False
CNE1000008S5,002202 CH Equity,28768401W,-0.0003786140210127,CHN,,,,-0.005997818974918134,-0.00404104796134086,2.2708583594000253e-06,1.5299974177484368e-06,False
CNE0000008L2,000776 CH Equity,27199901W,-2.2759623730781983e-05,CHN,,,,-0.06920256645279566,-0.06737061227254948,1.575024373670065e-06,1.533329785835629e-06,False
CNE100004ZD8,688082 CH Equity,35106701W,-3.200650193335076e-05,CHN,,,,-0.05144182963208477,-0.0495746436953326,1.6464730195744216e-06,1.586710929279838e-06,False
CNE1000000M5,002138 CH Equity,28503801W,8.415291188823024e-05,CHN,,,,0.021378621378621343,0.023389002255396862,1.7990732411669573e-06,1.9682526459520306e-06,False
CNE100000742,601939 CH Equity,27436402W,-0.0002096388331366,CHN,,,,-0.011839708561020124,-0.009895234132132336,2.482062687409672e-06,2.0744253370736795e-06,False
CNE100000RC5,002444 CH Equity,29502601W,-3.216480775187729e-05,CHN,,,,-0.06785832505792788,-0.06602432791304391,2.1826499798526477e-06,2.123659814269963e-06,False
CNE000001NN0,601111 CH Equity,27146702W,-0.0001597850757722,CHN,,,,-0.015437392795883298,-0.013496069889127105,2.466664977615427e-06,2.1564705498610812e-06,False
CNE1000031R9,601990 CH Equity,32741601W,-0.0001262540129466,CHN,,,,-0.01911764705882346,-0.01719316621048783,2.413679659273227e-06,2.1707062293319762e-06,False
CNE1000009T1,601186 CH Equity,28841402W,-0.0002346705875487,CHN,,,,-0.011532125205930832,-0.00958622063804826,2.7062505977609613e-06,2.249604029502259e-06,False
CNE100000H44,300003 CH Equity,29280401W,-5.244512090682935e-05,CHN,,,,-0.04614093959731547,-0.044261056808829635,2.4198671559359196e-06,2.3212764758031126e-06,False
CNE100001FB0,300285 CH Equity,31143201W,-0.0001059917291667,CHN,,,,-0.0242961269115336,-0.022374930858582665,2.5751885034070407e-06,2.371557611686532e-06,False
CNE1000007T5,002179 CH Equity,28706701W,-0.0002460853809212,CHN,,,,-0.011631205673758749,-0.009685179254921628,2.862269678799745e-06,2.3833810262374927e-06,False
CNE0000011B7,600000 CH Equity,24382901W,-0.0005187078751574,CHN,,,,-0.0065502183406114245,-0.004599269398353978,3.3976498372755823e-06,2.3856772568966453e-06,False
CNE000000HP9,600873 CH Equity,21338301W,-5.9545718007909896e-05,CHN,,,,-0.04230769230769227,-0.04041865874143935,2.5192419157192623e-06,2.40675805567569e-06,False
CNE1000055G1,600941 CH Equity,06566206W,-0.0001244274877783,HKG,,,,-0.021302372539121706,-0.01937612184509685,2.6506006987603593e-06,2.4109221640716395e-06,False
CNE100000FW8,002294 CH Equity,29267501W,-3.7408385218444096e-05,CHN,,,,-0.06675023503603883,-0.0649136253758622,2.4970185056498243e-06,2.428313903986021e-06,False
CNE1000018P0,002625 CH Equity,30758701W,-0.000266740344691,CHN,,,,-0.011196641007697572,-0.009248897373444587,2.986595881774636e-06,2.4670540734042933e-06,False
CNE0000012G4,600256 CH Equity,25133801W,0.0001292836399442,CHN,,,,0.019230769230769162,0.021241066724979163,2.486223845080761e-06,2.746122422502934e-06,False
CNE000000VQ8,000858 CH Equity,24368301W,-0.0001064326098209,CHN,,,,-0.028202609793742006,-0.026290384013455403,3.001677364108436e-06,2.7981541837457258e-06,False
CNE000000WF9,600161 CH Equity,25983201W,-0.0001858217056515,CHN,,,,-0.01715686274509809,-0.015222463151538412,3.1881174989228036e-06,2.828664067035976e-06,False
CNE100003LQ2,002966 CH Equity,33262701W,0.0001433089540124,CHN,,,,0.017997750281214753,0.02000650003401172,2.579238767377264e-06,2.867110593323265e-06,False
CNE0000012J8,600233 CH Equity,27215901W,0.0003175375863473,CHN,,,,0.007083825265643329,0.009067362650874822,2.2493807769584035e-06,2.8792284506944467e-06,False
CNE000001QQ6,300803 CH Equity,33497501W,-5.718982031070665e-05,CHN,,,,-0.0538163911361238,-0.05195423162127322,3.077749738845626e-06,2.9712531708014486e-06,False
CNE000000VB0,000876 CH Equity,25955001W,0.0001849155666486,CHN,,,,0.014084507042253502,0.016088277324046274,2.6044446006845034e-06,2.9749729177758388e-06,False
CNE000000SM3,600118 CH Equity,27193701W,-8.896991948936077e-05,CHN,,,,-0.0359212050984935,-0.034023124023290885,3.1959067255737826e-06,3.027034605128726e-06,False
CNE000001NG4,601006 CH Equity,27832101W,-0.000479340387777,CHN,,,,-0.008403361344537785,-0.006450975410067561,4.028070485520994e-06,3.0922130546016762e-06,False
CNE100001BC7,002653 CH Equity,31142801W,-6.464849964148092e-05,CHN,,,,-0.04985780571770693,-0.04798881642135533,3.2232323350662015e-06,3.102404981211084e-06,False
CNE000001BM7,600426 CH Equity,27073701W,-3.987677733505223e-05,CHN,,,,-0.08018648018648011,-0.07837511042056922,3.197578415677845e-06,3.1253468268511705e-06,False
CNE0000016P6,600369 CH Equity,27217701W,-7.997428621369404e-05,CHN,,,,-0.041162227602905554,-0.0392737448345426,3.291919771507986e-06,3.140889710081298e-06,False
CNE100004PL2,688385 CH Equity,24796905W,-7.71122123962869e-05,CHN,,,,-0.043463143254520165,-0.04158032086760877,3.351539134052803e-06,3.2063505342488073e-06,False
CNE000000W13,000878 CH Equity,26027101W,-0.0001118468500645,CHN,,,,-0.031088082901554515,-0.029182284836739347,3.477104147082914e-06,3.263946636674318e-06,False
CNE100000866,601390 CH Equity,28731101W,-0.0001591309580823,CHN,,,,-0.022831050228310446,-0.020909397723437584,3.6331268968561552e-06,3.327332492654485e-06,False
CNE1000031K4,603259 CH Equity,32714001W,0.000139271931828,CHN,,,,0.022309083860963863,0.024320743479189444,3.107029206629294e-06,3.3871969278399474e-06,False
CNE100002GQ4,600926 CH Equity,32272701W,0.0001149685314809,CHN,,,,0.02869097429766887,0.030716339743280807,3.298559181759236e-06,3.531412472753399e-06,False
CNE100003MX6,688002 CH Equity,33290501W,0.0004567401857909,CHN,,,,0.005891891891891987,0.007871996699238437,2.6910637973626434e-06,3.5954572349555152e-06,False
CNE0000003W0,000564 CH Equity,26023701W,-0.0003181681551246,CHN,,,,-0.013245033112582738,-0.011302451831086247,4.214147749994688e-06,3.596080247481368e-06,False
CNE100003R64,601696 CH Equity,33709101W,-6.225815076186341e-05,CHN,,,,-0.0616153205661949,-0.05977330453950391,3.836055917050706e-06,3.7213754055552094e-06,False
CNE1000019C6,002636 CH Equity,30759301W,4.326377355710572e-05,CHN,,,,0.08805280528052806,0.09019519836503864,3.809496628724689e-06,3.9021846380032645e-06,False
CNE100003LY6,688188 CH Equity,33321201W,-0.0001011500648091,CHN,,,,-0.0405050505050506,-0.03861638805747292,4.097088483681737e-06,3.9060501547067406e-06,False
CNE100000T32,002466 CH Equity,29524001W,-2.6382516173000832e-05,CHN,,,,-0.15130260521042083,-0.1496321271988883,3.991743428981088e-06,3.947672015825188e-06,False
CNE000000KF4,600704 CH Equity,27248801W,-0.0004923823587241,CHN,,,,-0.010080645161290258,-0.00812809883768173,4.963531841976783e-06,4.002132477640346e-06,False
CNE000001CS2,600050 CH Equity,25736201W,-0.0001443979660229,CHN,,,,-0.03023255813953485,-0.028329895618476097,4.365519903017902e-06,4.090779304949015e-06,False
CNE1000051F2,600905 CH Equity,34768301W,-0.0003599729544525,CHN,,,,-0.013477088948786964,-0.011536720094177277,4.851387526313981e-06,4.152907216992519e-06,False
CNE0000011C5,600221 CH Equity,22065502W,-9.476331867674316e-05,CHN,,,,-0.04615384615384621,-0.04429398387430239,4.373691631234305e-06,4.19744490934304e-06,False
CNE000000XL5,600183 CH Equity,25699301W,0.0004676693576647,CHN,,,,0.007040417209908556,0.009022737526335867,3.2925873942494337e-06,4.219657863318679e-06,False
CNE100000HB8,002304 CH Equity,29301701W,-0.0002561485565689,CHN,,,,-0.018892339544513526,-0.016959733457608483,4.8392455045366895e-06,4.344211244959693e-06,False
CNE1000009X3,002223 CH Equity,28865501W,0.0002933659872678,CHN,,,,0.012933025404157084,0.014946217926667948,3.7941097660500807e-06,4.3847119779766335e-06,False
CNE1000033C7,002920 CH Equity,32628001W,-5.964689282004479e-05,CHN,,,,-0.0756940509915015,-0.07387467641236489,4.514914946605095e-06,4.40639490608382e-06,False
CNE100000KW8,601179 CH Equity,29372801W,-0.0001207725285327,CHN,,,,-0.03870458135860977,-0.036812355704163746,4.674450156478907e-06,4.445921279637018e-06,False
CNE100002PK8,300620 CH Equity,32367801W,-6.435753371224285e-05,CHN,,,,-0.07269592476489029,-0.07087070932214223,4.678530428799097e-06,4.561064064410333e-06,False
CNE100000XX9,601933 CH Equity,29598701W,-0.0001525430802187,CHN,,,,-0.032362459546925404,-0.03046446899191102,4.936669262741075e-06,4.647143937253182e-06,False
CNE000000J93,600879 CH Equity,26007601W,-0.0003324580970365,CHN,,,,-0.01618341200269724,-0.014249403065547228,5.380306357974378e-06,4.7373294270779e-06,False
CNE000000S01,600096 CH Equity,27087001W,-5.939466815061086e-05,CHN,,,,-0.08619592875318072,-0.0843981680355107,5.119578584228866e-06,5.012801182988651e-06,False
CNE000000RL7,000066 CH Equity,24364201W,-0.0001780154168322,CHN,,,,-0.030157642220699055,-0.028249186005277704,5.368525250594096e-06,5.028790621899861e-06,False
CNE100001T64,601225 CH Equity,31705701W,-7.440079444316766e-05,CHN,,,,-0.0698769007965242,-0.0680458618063986,5.198896932487815e-06,5.0626661769660554e-06,False
CNE100002508,300498 CH Equity,32066801W,0.0001750025614006,CHN,,,,0.027330063069376465,0.029353599276754627,4.782831040380825e-06,5.136955059758859e-06,False
CNE000000SW2,000792 CH Equity,26009701W,-4.4963736681744256e-05,CHN,,,,-0.12202908832919479,-0.12030204221726448,5.486883795147226e-06,5.409229348533161e-06,False
CNE100001YF2,300418 CH Equity,31903801W,-0.0002837223151845,CHN,,,,-0.021823141623096176,-0.01989793658382344,6.191712265904074e-06,5.645488634956747e-06,False
CNE000001097,000933 CH Equity,26000301W,-0.0002829506385031,CHN,,,,-0.022197962154294038,-0.020272533663262204,6.280927565025148e-06,5.73612634409563e-06,False
CNE100005PN5,688271 CH Equity,35426501W,-0.0002262452534619,CHN,,,,-0.027387559808612405,-0.025478300846490387,6.196305410602458e-06,5.764344632792759e-06,False
CNE100004QL0,601868 CH Equity,32082704W,-0.0002210658482308,CHN,,,,-0.028163427211423953,-0.026199360341151445,6.22597192557983e-06,5.7917838169210254e-06,False
CNE100000B24,601899 CH Equity,25954302W,-0.0001380233321962,CHN,,,,-0.04455004455004452,-0.042668044964986995,6.148945598286304e-06,5.889185744364799e-06,False
CNE100002GR2,600909 CH Equity,32297801W,-9.168106733366456e-05,CHN,,,,-0.0673076923076924,-0.06547196020157642,6.170841070535123e-06,6.002539191707733e-06,False
CNE000000DJ1,600699 CH Equity,24376401W,-0.0001116856709853,CHN,,,,-0.05741127348643016,-0.05555614003710285,6.412016601452516e-06,6.204824777397121e-06,False
CNE100005D92,688777 CH Equity,34522101W,-5.460479693560168e-05,CHN,,,,-0.11665473877926591,-0.11491613192194161,6.3699083226174736e-06,6.274972048222435e-06,False
CNE100000F87,002281 CH Equity,29246501W,0.0002042528682894,CHN,,,,0.02951639799888839,0.03154289120572851,6.02880895284446e-06,6.442726002910539e-06,False
CNE100005XT6,688235 CH Equity,02637605W,-0.0001050640476304,CHE,,,,-0.06488549618320616,-0.0630448487794093,6.817132861514509e-06,6.623746995011224e-06,False
CNE100000G29,601888 CH Equity,29278401W,-0.000295495421145,CHN,,,,-0.024390243902438935,-0.022469896100736908,7.207205393780462e-06,6.639751411371646e-06,False
CNE100000V79,002484 CH Equity,29538701W,-0.0001417336745975,CHN,,,,-0.04921135646687691,-0.047339610943602284,6.974906383977909e-06,6.709617013052776e-06,False
CNE100005RF7,688220 CH Equity,35190301W,-5.898312019731715e-05,CHN,,,,-0.12060594290153426,-0.11887528766043576,7.113714826671964e-06,7.011635380566134e-06,False
CNE100001VX1,603806 CH Equity,31833601W,-0.0001150659022215,CHN,,,,-0.06282722513089001,-0.0609829029761485,7.229271343759157e-06,7.017052751036724e-06,False
CNE100003ML1,688019 CH Equity,33304501W,-0.0001518804178433,CHN,,,,-0.04811715481171552,-0.04624355947799397,7.308053578234107e-06,7.023491136079219e-06,False
CNE000000CG9,600690 CH Equity,21337801W,-0.0003926821538335,CHN,,,,-0.019830028328611804,-0.017898837622455588,7.786898234658604e-06,7.028554108701943e-06,False
CNE100002R65,601878 CH Equity,32478801W,-0.0002087430984153,CHN,,,,-0.03727369542066039,-0.0353777128995556,7.780626671496828e-06,7.384853405500163e-06,False
CNE100003S06,688396 CH Equity,33738301W,-0.0001448552774494,CHN,,,,-0.05750122169734484,-0.05564603513380395,8.329355422648347e-06,8.060621858266232e-06,False
CNE100002V10,603260 CH Equity,32572201W,-0.0001433106371977,CHN,,,,-0.058467741935483875,-0.05661392454057068,8.379049352284878e-06,8.11337760017169e-06,False
CNE100000LM7,300054 CH Equity,29382201W,-0.0002695998703651,CHN,,,,-0.032040704070407044,-0.030135677537624583,8.638169663788272e-06,8.124574757508043e-06,False
CNE100000Q27,002428 CH Equity,29479701W,-0.0001391054301401,CHN,,,,-0.060675273088381276,-0.058826041409497654,8.44025996182731e-06,8.183021793707505e-06,False
CNE1000023M7,603338 CH Equity,31944801W,-0.0001856724751707,CHN,,,,-0.0463702674539771,-0.04449283327907094,8.60968233250728e-06,8.261094482282395e-06,False
CNE1000041Z1,688180 CH Equity,33015805W,-0.0004615350895338,CHN,,,,-0.02001212856276524,-0.01808358053264658,9.236299547977771e-06,8.346206960226722e-06,False
CNE100000N79,002384 CH Equity,29420401W,-0.0002942969347072,CHN,,,,-0.030303030303030276,-0.0283940533036241,8.918088930521203e-06,8.356282851169418e-06,False
CNE100006KH6,688472 CH Equity,35692601W,-8.835964329402871e-05,CHN,,,,-0.09670329670329658,-0.09492516594921474,8.544668802059908e-06,8.387553802899094e-06,False
CNE100005980,600938 CH Equity,14254006W,-0.0001875892988134,HKG,,,,-0.04696053010659762,-0.0450831334607098,8.809292914602207e-06,8.457113394205483e-06,False
CNE100006KM6,688629 CH Equity,35705501W,-0.0003179477187463,CHN,,,,-0.02861545234426599,-0.026703267556249743,9.098217793752834e-06,8.490243002581692e-06,False
CNE000000FK4,000021 CH Equity,25137401W,-0.0002231047821435,CHN,,,,-0.04080551139374666,-0.03891759276733475,9.103904729755956e-06,8.68270105590567e-06,False
CNE100003K04,300765 CH Equity,33129401W,-0.0004074108820677,CHN,,,,-0.02352941176470602,-0.02160634584747101,9.586138401592998e-06,8.802660419977951e-06,False
CNE000000DH5,600809 CH Equity,24384701W,-0.0002570644254986,CHN,,,,-0.03614251455978068,-0.034245128781779655,9.290954741384807e-06,8.803204356413758e-06,False
CNE000000BQ0,600674 CH Equity,24386001W,0.0002785284889287,CHN,,,,0.029581993569131937,0.03160837589553456,8.23942796830884e-06,8.803833175673585e-06,False
CNE100000JG3,300033 CH Equity,29351501W,-9.5678681414726e-05,CHN,,,,-0.09402268760907495,-0.09223920589132006,8.995966773504987e-06,8.82532559442293e-06,False
CNE1000007Q1,601857 CH Equity,13387003W,-0.0003073518975988,CHN,,,,-0.030647985989492144,-0.028741887844858538,9.419716651451846e-06,8.833873769689156e-06,False
CNE100000LQ8,601688 CH Equity,29404801W,-0.000190201683128,HKG,,,,-0.0484037075180227,-0.046532628891126304,9.206466639563344e-06,8.850584335462824e-06,False
CNE000001GD5,600570 CH Equity,27039501W,-0.0001116123283641,CHN,,,,-0.08227272727272716,-0.08046545721092169,9.18265065177367e-06,8.980937032192829e-06,False
CNE100001SP3,600023 CH Equity,31693701W,0.000177793075023,CHN,,,,0.049180327868852514,0.05124745277303511,8.743921722442632e-06,9.11144221561388e-06,False
CNE000001DZ5,600392 CH Equity,27073301W,-0.000160127734246,CHN,,,,-0.05889939810834055,-0.05704678599077917,9.43142716754171e-06,9.134772586719923e-06,False
CNE000000D24,000426 CH Equity,25990201W,-0.0001111876480625,CHN,,,,-0.08406326642975126,-0.08226272953521208,9.346796882775355e-06,9.146599420221785e-06,False
CNE000001FP1,600348 CH Equity,26016901W,-0.0004507586767641,CHN,,,,-0.022364217252396235,-0.020443795662222985,1.0080864975554983e-05,9.21521828073928e-06,False
CNE100000W45,600998 CH Equity,29569301W,0.0002504348500333,CHN,,,,0.03512396694214881,0.03716403820524228,8.796265393731624e-06,9.307170334561681e-06,False
CNE100001FN5,601800 CH Equity,28200502W,-0.000467493105921,CHN,,,,-0.021922428330522714,-0.019998866919721192,1.0248584109566587e-05,9.349332411201202e-06,False
CNE1000009Y1,601958 CH Equity,28865301W,-0.0001076926772219,CHN,,,,-0.0893015030946065,-0.08750709199844342,9.617117948197961e-06,9.423873013215475e-06,False
CNE000001BC8,600415 CH Equity,27071401W,-0.0001216499604918,CHN,,,,-0.08092948717948711,-0.0791176723952276,9.845068918006242e-06,9.624661721082614e-06,False
CNE0000007J8,000661 CH Equity,27213001W,-0.0004180679503307,CHN,,,,-0.025136612021858018,-0.02321704768155375,1.0508811866236214e-05,9.706303536957306e-06,False
CNE000001998,600011 CH Equity,03074702W,0.0003377395053111,CHN,,,,0.026946107784431295,0.028958829978776413,9.100765113173407e-06,9.780540911420199e-06,False
CNE000000TK5,000063 CH Equity,24385801W,-0.0001931063122596,CHN,,,,-0.05295494441193682,-0.05109181980451827,1.0225934031301233e-05,9.86615290908252e-06,False
CNE000001F21,600436 CH Equity,27072001W,-0.0002292621995807,CHN,,,,-0.045279620076967175,-0.043400543675902736,1.038090529502392e-05,9.9501041061357e-06,False
CNE1000060N7,688469 CH Equity,35665701W,-0.0004608317961804,CHN,,,,-0.02394526795895091,-0.02201944514675802,1.103474084354433e-05,1.0147260457876291e-05,False
CNE1000068M2,301550 CH Equity,35831301W,-0.0004024758328782,CHN,,,,-0.027637909813136408,-0.0257242293444927,1.1123590771054653e-05,1.0353380630574533e-05,False
CNE100001WS9,002736 CH Equity,31897501W,-0.0003012923157768,CHN,,,,-0.03707317073170735,-0.035175813514434884,1.116986146294479e-05,1.0598202313096944e-05,False
CNE100004447,688065 CH Equity,18769301W,-9.765128471390832e-05,CHN,,,,-0.11058376839107742,-0.10883381859116847,1.0798647051893997e-05,1.0627762205748041e-05,False
CNE0000019V8,600585 CH Equity,21683902W,-0.0002772838108356,CHN,,,,-0.040226628895184025,-0.03833561748134606,1.1154192957126089e-05,1.0629846105963483e-05,False
CNE000000MS3,000617 CH Equity,27233101W,-0.0001678889554556,CHN,,,,-0.0657534246575342,-0.06391517248996736,1.1039273783381908e-05,1.0730651547105121e-05,False
CNE100002TS3,603083 CH Equity,32590301W,5.707980810856794e-05,CHN,,,,0.19254264392324094,0.19488760561876983,1.0990297167854917e-05,1.112414713145765e-05,False
CNE000001J84,002001 CH Equity,27070401W,-0.0004309332825191,CHN,,,,-0.02812731310140626,-0.026212851036105045,1.2120995363231486e-05,1.129598994117294e-05,False
CNE1000040F5,688126 CH Equity,33825701W,-0.0003310020994676,CHN,,,,-0.03603238866396763,-0.03413465069653954,1.1926796296605837e-05,1.1298641045147762e-05,False
CNE100003F27,601319 CH Equity,31421406W,0.0002962312917131,CHN,,,,0.03624161073825505,0.03828601320393954,1.073589916275665e-05,1.1341515145947813e-05,False
CNE000001NY7,002074 CH Equity,27918201W,-0.000585340071104,CHN,,,,-0.0213403219767877,-0.019415473010027218,1.2491345583275168e-05,1.1364654352207125e-05,False
CNE0000016L5,000725 CH Equity,24205802W,-0.0001280700573818,CHN,,,,-0.09317803660565716,-0.09138576779026208,1.1933316494809973e-05,1.1703780524778715e-05,False
CNE000001G87,600900 CH Equity,25954101W,0.0007728900437686,CHN,,,,0.013171947312210719,0.015165432382264754,1.0180466934652236e-05,1.1721211697698349e-05,False
CNE000001H94,600988 CH Equity,27038901W,-0.0004309332825191,CHN,,,,-0.029267250587481364,-0.027356242643470252,1.2612232365972403e-05,1.1788715439739618e-05,False
CNE000001P78,002080 CH Equity,27944101W,0.0002391007066351,CHN,,,,0.04742268041237119,0.04948532291846375,1.1338796397128466e-05,1.183197567787079e-05,False
CNE100001RG4,002709 CH Equity,31698501W,-0.0001363623373975,CHN,,,,-0.08902305159165746,-0.08723904072458255,1.2139391397296645e-05,1.189611950551977e-05,False
CNE100001YW7,300433 CH Equity,31937201W,-8.359562309102916e-05,CHN,,,,-0.14436167480092466,-0.14267739530259727,1.206800415544782e-05,1.1927205761325695e-05,False
CNE100001Z58,300442 CH Equity,31960901W,-0.0002574722101605,CHN,,,,-0.048308668076109895,-0.04644182747627168,1.2438139539466004e-05,1.1957479964208307e-05,False
CNE000001DQ4,600039 CH Equity,27075201W,-0.0005201756816615,CHN,,,,-0.025386313465783683,-0.023465369297744787,1.3205342911936544e-05,1.2206114469893228e-05,False
CNE100001377,300223 CH Equity,29788801W,-0.0003164578417699,CHN,,,,-0.04208645944980338,-0.04020093747134312,1.3318590125221191e-05,1.2721901909307947e-05,False
CNE100001Y42,300408 CH Equity,31876201W,9.733565692418438e-05,CHN,,,,0.12939130434782609,0.13161454222083036,1.2594387608972727e-05,1.2810787927840323e-05,False
CNE100002XM8,603501 CH Equity,32414701W,-0.0002263759922604,CHN,,,,-0.058484448180617155,-0.056631086982483425,1.3239474988689153e-05,1.2819918508444706e-05,False
CNE100005K10,301308 CH Equity,35384701W,-0.0001204151525592,CHN,,,,-0.11208906352324821,-0.11034131951533754,1.3497221684369793e-05,1.3286766823022804e-05,False
CNE100000FD8,601788 CH Equity,29246801W,-0.0002542017239845,CHN,,,,-0.05438431583187864,-0.05248673620384725,1.3824586842181088e-05,1.3342218829337643e-05,False
CNE100003PX9,601698 CH Equity,33276601W,-0.000823450980827,CHN,,,,-0.018442622950819665,-0.016508875413754565,1.5186595957874994e-05,1.3594249651806942e-05,False
CNE1000016C2,300255 CH Equity,29867201W,-0.0003882504426225,CHN,,,,-0.037209302325581395,-0.03531206673182263,1.4446528097581395e-05,1.3709925538545393e-05,False
CNE0000018M9,600418 CH Equity,26003201W,-0.000156743028758,CHN,,,,-0.0915593705293275,-0.08977189345415282,1.435129304794276e-05,1.4071118477344388e-05,False
CNE100000L63,002352 CH Equity,29381101W,-0.000452774384285,CHN,,,,-0.03301886792452835,-0.0311153651924585,1.4950097594316059e-05,1.4088240316818318e-05,False
CNE100003NZ9,601077 CH Equity,29631103W,-0.0004706291532336,CHN,,,,-0.032352941176470584,-0.030453642678576642,1.5226237310498822e-05,1.4332372066697147e-05,False
CNE1000055X6,688110 CH Equity,35143501W,-0.0004524384585338,CHN,,,,-0.03371161548731649,-0.03180966456710399,1.5252431345765654e-05,1.4391915603217766e-05,False
CNE100001ZF9,300450 CH Equity,31970601W,-0.0002666794269552,CHN,,,,-0.057108863771564544,-0.05525254967952886,1.5229759064663416e-05,1.4734718286350476e-05,False
CNE000000BL1,600673 CH Equity,24375201W,-0.0003580829550938,CHN,,,,-0.044357272178636054,-0.042474549535393424,1.5883583101625998e-05,1.5209412213911667e-05,False
CNE100001XM0,300390 CH Equity,31812901W,-8.391596904713271e-05,CHN,,,,-0.1872670807453416,-0.18566702175498484,1.571469855137299e-05,1.5580428050664623e-05,False
CNE100002G84,603160 CH Equity,32266101W,0.0004061841968578,CHN,,,,0.03647944412275628,0.03851900077035397,1.481737371282075e-05,1.564580939167121e-05,False
CNE100006M74,603119 CH Equity,35806301W,0.0003849880308157,CHN,,,,0.03916601714731094,0.04121207518909209,1.5078447816437178e-05,1.586615567287713e-05,False
CNE100002DN8,300567 CH Equity,32290201W,-0.0003535315142114,CHN,,,,-0.04918864097363074,-0.047317199036910784,1.7389734725408588e-05,1.6728121023761267e-05,False
CNE100001TH8,603369 CH Equity,31795301W,-0.0010031621774304,CHN,,,,-0.01906779661016944,-0.01713727137057841,1.9128092366257574e-05,1.7191462463325093e-05,False
CNE100004413,688521 CH Equity,33929301W,-0.0003499173995669,CHN,,,,-0.05213222810346552,-0.05026617107556197,1.8241973691593117e-05,1.758900786894557e-05,False
CNE100001DJ8,300316 CH Equity,31255301W,-0.000353301814829,CHN,,,,-0.05254629629629637,-0.05068171849676639,1.8564701844023868e-05,1.7905943123560062e-05,False
CNE000000L08,000408 CH Equity,27233901W,-0.0002857060351956,CHN,,,,-0.06549304758259977,-0.06365281312330884,1.8711758957701357e-05,1.8185992866507024e-05,False
CNE0000017Y6,600588 CH Equity,25900001W,-0.0002100286684788,CHN,,,,-0.0894071914480078,-0.08761092573607676,1.877807337225423e-05,1.840080607654323e-05,False
CNE100003662,300750 CH Equity,32741501W,-0.0001195234939906,CHN,,,,-0.15973043597854486,-0.15807632922991732,1.9091539804797525e-05,1.889383518676813e-05,False
CNE100001SN8,603308 CH Equity,31699001W,-0.000279885370526,CHN,,,,-0.0697831978319784,-0.06795223722965005,1.9531296181692436e-05,1.901883709509126e-05,False
CNE000000WQ6,600160 CH Equity,27118001W,-0.000160127734246,CHN,,,,-0.12136161815490876,-0.11963284748717984,1.943336093957376e-05,1.9156536809519383e-05,False
CNE000000529,000630 CH Equity,27103901W,-0.0002289620696832,CHN,,,,-0.08695652173913049,-0.08516339605915302,1.9909745189843492e-05,1.9499187422953755e-05,False
CNE1000022P2,603979 CH Equity,31999701W,-0.0001862839515661,CHN,,,,-0.10792951541850215,-0.10617357443085762,2.0105536622772898e-05,1.9778432996877597e-05,False
CNE000000LH8,600737 CH Equity,25133501W,-0.0004162949706826,CHN,,,,-0.05053191489361697,-0.04866062653013814,2.1036182029173913e-05,2.0257174094760803e-05,False
CNE000000GH8,000636 CH Equity,25131501W,0.0004100571003472,CHN,,,,0.048317823908375024,0.05038075048668467,1.9813066766954878e-05,2.0658984457885702e-05,False
CNE000000ZC9,600141 CH Equity,27209501W,-0.0003738179771423,CHN,,,,-0.057316682676913144,-0.055459812774453665,2.142600637479078e-05,2.0731875024036957e-05,False
CNE100005X23,688037 CH Equity,33665101W,-0.0002535849931607,CHN,,,,-0.08505405405405408,-0.08325306613436079,2.1568431715587115e-05,2.1111728206289185e-05,False
CNE100005GY1,301269 CH Equity,35399801W,-0.0001649475913305,CHN,,,,-0.1301775147928993,-0.12846539924364342,2.147246751047927e-05,2.1190058174550018e-05,False
CNE000000J28,600875 CH Equity,22146802W,-0.0003185551173767,CHN,,,,-0.06990291262135928,-0.06807139315815569,2.226793053507031e-05,2.1684490637491777e-05,False
CNE100001NR0,603993 CH Equity,28453202W,-0.0003777212570924,CHN,,,,-0.05933892969569776,-0.05750092538734075,2.2413575119176506e-05,2.1719321821282646e-05,False
CNE100006DD0,688702 CH Equity,35855101W,-0.0001206474309122,CHN,,,,-0.18333333333333335,-0.18172577323353079,2.211869566723667e-05,2.192474767115853e-05,False
CNE100000V20,300122 CH Equity,29534401W,-0.0002363478162672,CHN,,,,-0.09736456808199123,-0.09558874165018838,2.301190304797775e-05,2.2592190348751572e-05,False
CNE100005576,605499 CH Equity,34875601W,-0.000333295144616,CHN,,,,-0.07026171028504757,-0.0684313482811939,2.3417886890422427e-05,2.2807836121648386e-05,False
CNE1000021D0,300496 CH Equity,32096101W,-0.000278452738696,CHN,,,,-0.08404773911581775,-0.08224443257248648,2.3403323138006376e-05,2.2901187492307368e-05,False
CNE000001NT7,601699 CH Equity,27871801W,-0.0001796552428716,CHN,,,,-0.13036211699164346,-0.12864923543394036,2.342023778938964e-05,2.3112509637130205e-05,False
CNE000001FR7,600547 CH Equity,27034601W,-0.000359579619111,CHN,,,,-0.07186261558784668,-0.07003591266636011,2.584033194139812e-05,2.518348680066103e-05,False
CNE1000007W9,002180 CH Equity,28706801W,-0.0005478245602472,CHN,,,,-0.04839650145772589,-0.046525021646378506,2.651279212858166e-05,2.5487549523918765e-05,False
CNE100006M90,688347 CH Equity,31849305W,-0.0002129933726921,CHN,,,,-0.12468749999999995,-0.12296452183307138,2.655761115754621e-05,2.619062822669724e-05,False
CNE0000016V4,600378 CH Equity,27219201W,-0.0003124147192545,CHN,,,,-0.08621014902848523,-0.08441147727373555,2.6933319505622817e-05,2.6371387974331697e-05,False
CNE100001CY9,300308 CH Equity,31216101W,0.0003909326435357,CHN,,,,0.06561803028524471,0.06771555802761386,2.5652230043016338e-05,2.647222210823018e-05,False
CNE100005QH5,688047 CH Equity,35346801W,-0.0003597564893864,CHN,,,,-0.07592592592592595,-0.07410656403709515,2.7314844564522972e-05,2.666031731847379e-05,False
CNE100003373,002916 CH Equity,32619401W,0.0004076045330075,CHN,,,,0.06345507748997514,0.06554842637316849,2.5864577227256043e-05,2.671783572121184e-05,False
CNE000000C66,600845 CH Equity,20834501W,-0.0006257610783729,CHN,,,,-0.045325779036826996,-0.04344449520328908,2.8363108368176648e-05,2.7185874167776457e-05,False
CNE100003FS0,300751 CH Equity,32935601W,-0.0002407806954747,CHN,,,,-0.1163541760114829,-0.1146148757291765,2.801583942143051e-05,2.7597049489817433e-05,False
CNE100000RK8,002414 CH Equity,29459201W,-0.0005083008766386,CHN,,,,-0.05628373168851197,-0.05442705500209821,2.8609070157762385e-05,2.766531977042382e-05,False
CNE000001GS3,600438 CH Equity,27037701W,-0.0009551993741481,CHN,,,,-0.032786885245901565,-0.030882770695282558,3.131801226715075e-05,2.949920324009318e-05,False
CNE1000043F9,688017 CH Equity,33965501W,-0.000741476224147,CHN,,,,-0.04179839595327628,-0.039912256183322836,3.099251680683654e-05,2.9593989011997972e-05,False
CNE000001BB0,600536 CH Equity,25996501W,-0.0005016516834869,CHN,,,,-0.06316410861865418,-0.061321587300957825,3.168638142449728e-05,3.07620775036144e-05,False
CNE100000VV7,002487 CH Equity,29539001W,0.0002754997575694,CHN,,,,0.11092198581560275,0.11310939811214293,3.055898020131499e-05,3.116161175871613e-05,False
CNE1000031N8,603486 CH Equity,32732601W,-0.0005495062904873,CHN,,,,-0.05866717296373658,-0.05681405023517849,3.22379805886797e-05,3.121967799229204e-05,False
CNE100006HM2,001389 CH Equity,36087201W,0.0005136689760523,CHN,,,,0.05917777914336653,0.06126267927292428,3.0397789217622238e-05,3.1468737732343474e-05,False
CNE100000K15,300037 CH Equity,29360601W,0.0002574613942064,CHN,,,,0.12042682926829285,0.1226315083267866,3.1005259363270775e-05,3.157287910744823e-05,False
CNE100000X10,601777 CH Equity,29587201W,-0.0006840150425425,CHN,,,,-0.048134777376654725,-0.04625833838690119,3.292491179506625e-05,3.164139929966158e-05,False
CNE000000MH6,600760 CH Equity,27237701W,-0.0006069299111231,CHN,,,,-0.05434782608695665,-0.0524862630084334,3.2985321256690294e-05,3.185548294289213e-05,False
CNE000000T83,600105 CH Equity,27197501W,0.0002577553797184,CHN,,,,0.12264150943396213,0.12485237107073499,3.161150883338864e-05,3.218137031407987e-05,False
CNE1000014X3,002595 CH Equity,29816201W,-0.0003300299833169,CHN,,,,-0.1016640072942786,-0.09989508427719196,3.355217063125996e-05,3.296837299744198e-05,False
CNE100002615,300502 CH Equity,32133601W,0.0005864268610645,CHN,,,,0.054296165426630516,0.056371595005450637,3.184072985897776e-05,3.305781751224566e-05,False
CNE100002JV8,002851 CH Equity,32364201W,-0.0005063109949972,CHN,,,,-0.0686064318529862,-0.06677319975880858,3.473619077469304e-05,3.380800520902917e-05,False
CNE100004JY8,001203 CH Equity,34746201W,-0.0001957628191117,CHN,,,,-0.17701312522170987,-0.17539280742901808,3.465258841317429e-05,3.43353904342201e-05,False
CNE000001HH4,600985 CH Equity,32942101W,-0.000325588684827,CHN,,,,-0.11259338313767342,-0.11084538655154852,3.665913153601761e-05,3.609000362645911e-05,False
CNE100006FN4,688506 CH Equity,35558801W,-0.0004113408045416,CHN,,,,-0.09087842902113619,-0.08908882871277113,3.738200610903085e-05,3.664587047838007e-05,False
CNE1000012X7,601233 CH Equity,29730101W,-0.0002452365059373,CHN,,,,-0.15545914678235717,-0.15379588782867248,3.812425797289913e-05,3.771636615862857e-05,False
CNE0000001S2,600601 CH Equity,24582801W,0.0002047953946016,CHN,,,,0.1868647380766224,0.18919884423430533,3.8269037771526516e-05,3.874705196313121e-05,False
CNE100003HQ0,601615 CH Equity,33080601W,-0.000409716951167,CHN,,,,-0.09689557855127007,-0.09511829737742017,3.969976102558893e-05,3.8971578801672643e-05,False
CNE000000YM1,600176 CH Equity,25990501W,0.0004818452549739,CHN,,,,0.07876166628727521,0.08088583935711036,3.795093517436135e-05,3.8974457888804757e-05,False
CNE1000008K2,002195 CH Equity,28750701W,-0.0007495718530221,CHN,,,,-0.05417956656346745,-0.052318445632501986,4.061147810491251e-05,3.921643423999051e-05,False
CNE1000049X9,300919 CH Equity,34607201W,-0.0007184216336049,CHN,,,,-0.05677838919459721,-0.05492167371695644,4.079082311863733e-05,3.945691855205115e-05,False
CNE100005Q55,688375 CH Equity,35398201W,-0.0004648483736389,CHN,,,,-0.08680555555555558,-0.08500874031458228,4.0351421322821196e-05,3.951617468032516e-05,False
CNE0000013Y5,000983 CH Equity,25137101W,-0.0003697372326958,CHN,,,,-0.11051212938005395,-0.10876573394910805,4.086044889630136e-05,4.021474148247083e-05,False
CNE100000SD1,002459 CH Equity,33550301W,-0.0008369334852787,CHN,,,,-0.050215208034433245,-0.04834527103236208,4.20267890742532e-05,4.046177618185817e-05,False
CNE000000PY4,600066 CH Equity,26027901W,-0.0003899047602776,CHN,,,,-0.10641154749916071,-0.10465179223919374,4.14903689184287e-05,4.080423196564404e-05,False
CNE100001617,300251 CH Equity,29839701W,-0.0006423410247897,CHN,,,,-0.06683804627249357,-0.06499847421422034,4.2932819137614904e-05,4.175118653652918e-05,False
CNE100005YS6,301358 CH Equity,35566601W,-0.0003201552000288,CHN,,,,-0.13629032258064522,-0.13458989584157433,4.3634055487796144e-05,4.308965502501458e-05,False
CNE100005P31,688387 CH Equity,35460701W,-0.0004481057010219,CHN,,,,-0.09934735315445975,-0.09757690040100753,4.451811532994946e-05,4.372476535773759e-05,False
CNE1000000F9,002131 CH Equity,28434001W,-0.0006501441605193,CHN,,,,-0.06947368421052635,-0.06764460413336537,4.51679100992356e-05,4.3978744367947196e-05,False
CNE000000GF2,000568 CH Equity,24376701W,-0.0007587536352832,CHN,,,,-0.06039146257499739,-0.0585401275337607,4.582224176884859e-05,4.441753457618308e-05,False
CNE100003P74,688036 CH Equity,33374501W,-0.0005554907382541,CHN,,,,-0.08293356341673863,-0.08113476196991376,4.606882636840736e-05,4.5069608824738066e-05,False
CNE100005ZD5,688361 CH Equity,35673901W,-0.0006406001589612,CHN,,,,-0.07647749938522908,-0.07465951450065056,4.899149826313282e-05,4.782689685708276e-05,False
CNE100005VF9,688498 CH Equity,35528101W,0.0003370321555661,CHN,,,,0.1421656881930855,0.14441392972128764,4.791440833925366e-05,4.867213802773685e-05,False
CNE100002664,300474 CH Equity,32145701W,-0.0007715493367754,CHN,,,,-0.06857031857031848,-0.0667377568480858,5.290538381540711e-05,5.149147203401851e-05,False
CNE100005R96,688223 CH Equity,35201601W,-0.0007330674263814,CHN,,,,-0.08029197080291983,-0.0784887522887785,5.8859428395586956e-05,5.753754764022207e-05,False
CNE000001M14,002049 CH Equity,27334601W,-0.0011024460310873,CHN,,,,-0.054172537967747014,-0.05231126914660822,5.9722299476468765e-05,5.7670351051817764e-05,False
CNE1000000B8,002129 CH Equity,28433701W,-0.0008931214953611,CHN,,,,-0.06834910620399581,-0.06652064860281925,6.104405593950737e-05,5.94110211525402e-05,False
CNE100003QK4,300782 CH Equity,33263901W,-0.0008621005136597,CHN,,,,-0.07191694099772106,-0.07009046840411826,6.199963177496966e-05,6.042502881383933e-05,False
CNE100002D38,300548 CH Equity,32262901W,0.0005641436012744,CHN,,,,0.10859449192782522,0.11077649824426605,6.126288775472708e-05,6.24938526560875e-05,False
CNE100002FZ7,603228 CH Equity,32325201W,0.0006198455565195,CHN,,,,0.10280858120012448,0.10497940856553534,6.372544222897137e-05,6.507101992539222e-05,False
CNE100001FR6,601012 CH Equity,31216901W,-0.0007886354762074,CHN,,,,-0.08864954432477223,-0.08685438168720849,6.991217560413577e-05,6.849644666259095e-05,False
CNE100001VW3,603799 CH Equity,31912901W,-0.0006814683786033,CHN,,,,-0.10614101592115244,-0.10438115226630951,7.23317460230948e-05,7.113245459166612e-05,False
CNE000000LP1,600733 CH Equity,32912201W,-0.0007413543076432,CHN,,,,-0.12007874015748032,-0.11834029945505531,8.902089127211655e-05,8.77320907687915e-05,False
